1,1,6,0,11,29,0,0,0,0,0,0,0,1,0,0,0,0,0,0,0,0,0,1,0,0,0,0,0,1,0,0,1,0,0,0,0,0,0,0,6,13,0,0,0,0
1,0,0,0,1,40,2,0,5,0,0,0,0,0,2,0,0,0,0,0,0,0,0,0,0,0,0,0,0,0,0,0,2,0,0,0,0,0,0,0,0,11,0,0,0,0
1,0,2,0,10,31,0,0,1,0,0,0,0,1,1,0,0,0,0,0,0,0,1,1,0,0,0,0,0,0,0,0,3,0,0,0,0,0,0,0,4,13,0,0,0,0
1,0,0,0,1,26,0,0,1,0,0,0,0,0,2,0,0,0,0,0,0,0,0,2,0,0,0,0,0,0,0,0,1,0,0,0,0,0,0,0,0,10,0,0,0,0
1,1,5,0,10,30,0,0,0,0,0,0,0,1,0,0,0,0,0,0,0,0,0,1,0,0,0,0,0,0,0,0,3,0,0,0,0,0,0,0,4,15,0,0,0,0
1,0,0,0,1,27,0,0,2,0,0,0,0,0,0,0,0,0,0,0,0,0,0,1,0,0,0,0,0,0,0,0,3,0,0,0,0,0,0,0,0,9,0,0,0,0
1,0,2,0,8,25,0,0,0,0,0,0,0,1,0,0,0,0,0,0,0,0,1,0,0,0,0,0,0,0,0,0,2,0,0,0,0,0,0,0,2,11,0,0,0,0
1,0,0,0,2,41,1,0,2,0,0,0,0,0,4,0,0,0,0,0,0,0,0,3,0,0,0,0,0,0,0,0,0,0,0,0,0,0,0,0,0,12,0,0,0,0
1,0,2,0,7,15,0,0,0,0,0,0,0,0,0,0,0,0,0,0,0,0,1,0,0,0,0,0,0,0,0,0,0,0,0,0,0,0,0,0,1,1,0,0,0,0
1,0,0,0,0,41,1,0,4,0,0,0,0,0,0,0,0,0,0,0,0,0,0,1,0,0,0,0,0,0,0,0,1,0,0,0,0,0,0,0,0,13,0,0,0,0
1,0,3,0,3,13,0,0,0,0,0,0,0,0,0,0,0,0,0,0,0,0,0,0,0,0,0,0,0,0,0,0,0,0,0,0,0,0,0,0,0,2,0,0,0,0
1,0,0,1,7,18,16,0,5,4,0,0,0,0,0,0,0,0,0,0,0,0,0,0,0,0,0,0,0,0,0,0,1,1,0,0,0,0,0,0,0,7,0,0,0,0
1,3,5,0,9,22,0,0,0,0,0,0,0,0,0,0,0,0,0,1,0,0,0,0,0,0,0,0,0,0,0,0,0,0,0,0,0,0,1,0,5,13,0,0,0,0
1,0,0,0,0,25,16,0,0,0,0,0,0,0,3,0,0,0,0,0,0,0,0,4,0,0,0,0,0,0,0,0,3,2,0,0,0,0,0,0,0,1,6,0,0,0
1,0,2,0,7,26,0,0,1,0,0,0,0,1,0,0,0,0,0,0,0,0,0,0,0,0,0,0,0,0,0,0,3,0,0,0,0,0,0,0,1,11,0,0,0,0
1,0,0,0,0,29,14,0,0,2,0,0,0,0,4,0,0,0,0,0,0,0,0,2,0,0,0,0,0,0,0,0,8,0,0,0,0,0,0,0,0,2,8,0,0,0
1,1,6,0,11,30,0,0,2,0,0,0,0,1,0,0,0,0,0,0,0,0,0,0,0,0,0,0,0,0,0,0,3,0,0,0,0,0,1,0,6,16,0,0,0,0
1,0,0,0,4,38,3,0,9,0,0,0,0,0,1,0,0,0,0,0,0,0,0,4,0,0,0,0,0,0,0,0,0,0,0,0,0,0,0,0,0,8,0,0,0,0
1,2,5,0,9,27,0,0,0,0,0,0,0,1,0,0,0,0,0,0,0,0,0,0,0,0,0,0,0,0,0,0,1,0,0,0,0,0,0,0,5,11,0,0,0,0
1,0,0,0,0,33,4,0,2,0,0,0,0,0,0,0,0,0,0,0,0,0,0,0,0,0,0,0,0,0,0,0,4,2,0,0,0,0,0,0,0,2,0,0,0,0
1,0,3,0,7,13,0,0,0,0,0,0,0,0,0,0,0,0,0,0,0,0,0,0,0,0,0,0,0,0,0,0,0,0,0,0,0,0,1,0,1,4,0,0,0,0
1,0,0,0,1,32,2,0,4,0,0,0,0,0,2,0,0,0,0,0,0,0,0,2,0,0,0,0,0,0,0,0,4,0,0,0,0,0,0,0,0,9,0,0,2,0
1,2,7,0,11,29,0,0,1,0,0,0,0,1,0,0,0,0,0,0,0,0,0,1,0,0,0,0,0,1,0,0,2,0,0,0,0,0,1,0,7,16,0,0,0,0
1,0,0,0,0,22,16,0,0,7,0,0,0,0,2,0,0,0,0,0,0,0,0,2,0,0,0,0,0,0,0,0,4,3,0,0,0,0,0,0,0,2,0,0,0,0
1,1,3,0,7,20,0,0,0,0,0,0,0,1,0,0,0,0,0,0,0,0,0,1,0,0,0,0,0,0,0,0,0,0,0,0,0,0,0,0,2,12,0,0,0,0
1,0,0,0,0,22,15,0,0,4,0,0,0,0,2,0,0,0,0,0,0,0,0,2,0,0,0,0,0,0,0,0,4,1,0,0,0,0,0,0,0,6,8,0,0,2
1,0,2,0,10,28,0,0,0,0,0,0,0,0,0,0,0,0,0,0,0,0,1,0,0,0,0,0,0,0,0,0,2,0,0,0,0,0,0,0,4,10,0,0,0,0
1,0,0,0,0,37,3,0,1,0,0,0,0,0,2,0,0,0,0,0,0,0,0,2,0,0,0,0,0,0,0,0,3,1,0,0,0,0,0,0,0,9,0,0,0,0
1,2,7,0,14,32,0,0,1,0,0,1,0,0,0,0,0,0,0,0,0,0,0,1,0,0,0,0,0,0,0,0,1,0,0,0,0,0,1,0,9,19,0,0,0,0
1,0,0,0,0,22,14,0,4,4,0,0,0,0,0,0,0,0,0,0,0,0,0,0,0,0,0,0,0,0,0,0,2,1,0,0,0,0,0,0,0,0,0,0,0,0
1,0,0,0,0,28,7,0,1,0,0,0,0,0,0,0,0,0,0,0,0,0,0,1,0,0,0,0,0,0,0,0,0,5,0,0,0,0,0,0,0,7,0,0,0,0
1,0,0,0,1,29,5,0,2,0,0,0,0,0,0,0,0,0,0,0,0,0,0,1,0,0,0,0,0,0,0,0,1,2,0,0,0,0,0,0,0,7,0,0,0,0
1,0,0,0,0,28,5,0,0,0,0,0,0,0,2,0,0,0,0,0,0,0,0,1,0,0,0,0,0,0,0,0,2,3,0,0,0,0,0,0,0,3,0,0,0,0
1,0,0,0,0,15,16,0,0,1,0,0,0,0,0,0,0,0,0,0,0,0,0,1,0,0,0,0,0,0,0,0,3,2,0,0,0,0,0,0,0,1,3,0,0,0
1,0,0,0,1,30,1,0,2,0,0,0,0,0,2,0,0,0,0,0,0,0,0,1,0,0,0,0,0,0,0,0,1,0,0,0,0,0,0,0,0,14,0,0,0,0
1,0,0,0,0,26,16,0,0,2,0,0,0,0,3,0,0,0,0,0,0,0,0,2,0,0,0,0,0,0,0,0,4,1,0,0,0,0,0,0,0,3,0,0,0,0
1,0,0,0,0,28,16,0,5,3,0,0,0,0,1,0,0,0,0,0,0,0,0,2,0,0,0,0,0,0,0,0,2,2,0,0,0,0,0,0,0,4,0,0,0,0
1,0,0,0,0,40,1,0,2,0,0,0,0,0,2,0,0,0,0,0,0,0,0,0,0,0,0,0,0,0,0,0,2,0,0,0,0,0,0,0,0,11,0,0,0,0
1,0,0,0,0,37,0,0,4,0,0,0,0,0,0,0,0,0,0,0,0,0,0,0,0,0,0,0,0,0,0,0,1,0,0,0,0,0,0,0,0,12,0,0,0,0
1,0,0,0,0,19,13,0,1,0,0,0,0,0,1,0,0,0,0,0,0,0,0,1,0,0,0,0,0,0,0,0,0,2,0,0,0,0,0,0,0,2,0,0,0,0
1,0,0,0,0,27,8,0,0,0,0,0,0,0,0,0,0,0,0,0,0,0,0,1,0,0,0,0,0,0,0,0,2,6,0,0,0,0,0,0,0,2,0,0,0,0
1,0,0,0,0,26,6,0,0,0,0,0,0,0,1,0,0,0,0,0,0,0,0,0,0,0,0,0,0,0,0,0,3,4,0,0,0,0,0,0,0,8,0,0,0,0
1,0,0,0,0,27,4,0,0,0,0,0,0,0,1,0,0,0,0,0,0,0,0,0,0,0,0,0,0,0,0,0,3,2,0,0,0,0,0,0,0,8,0,0,0,0
1,0,0,0,0,14,15,0,0,0,0,0,0,0,1,0,0,0,0,0,0,0,0,1,0,0,0,0,0,0,0,0,2,4,0,0,0,0,0,0,0,2,0,0,0,0
1,0,0,0,1,27,17,0,0,0,0,0,0,0,3,0,0,0,0,0,0,0,0,3,0,0,0,0,0,0,0,0,5,3,0,0,0,0,0,0,0,2,8,0,0,0
1,0,0,0,1,27,17,0,0,0,0,0,0,0,1,0,0,0,0,0,0,0,0,2,0,0,0,0,0,0,0,0,3,3,0,0,0,0,0,0,0,4,0,0,0,0
1,0,0,0,0,23,12,0,4,0,0,0,0,0,2,0,0,0,0,0,0,0,0,1,0,0,0,0,0,0,0,0,2,1,0,0,0,0,0,0,0,3,0,0,0,0
1,0,0,0,0,23,5,0,0,0,0,0,0,0,0,0,0,0,0,0,0,0,0,2,0,0,0,0,0,0,0,0,2,3,0,0,0,0,0,0,0,6,0,0,0,0
1,0,0,0,2,40,2,0,3,0,0,0,0,0,2,0,0,0,0,0,0,0,0,3,0,0,0,0,0,0,0,0,1,0,0,0,0,0,0,0,0,11,0,0,1,0
1,0,0,0,0,21,14,0,0,2,0,0,0,0,1,0,0,0,0,0,0,0,0,2,0,0,0,0,0,0,0,0,4,0,0,0,0,0,0,0,0,3,2,0,0,0
1,0,0,0,0,23,16,0,0,0,0,0,0,0,2,0,0,0,0,0,0,0,0,3,0,0,0,0,0,0,0,0,5,3,0,0,0,0,0,0,0,2,7,0,0,0
1,0,0,0,0,30,0,0,4,0,0,0,0,0,1,0,0,0,0,0,0,0,0,0,0,0,0,0,0,0,0,0,4,0,0,0,0,0,0,0,0,9,0,0,1,0
1,0,0,0,0,28,0,0,14,0,0,0,0,0,1,0,0,0,0,0,0,0,0,0,0,0,0,0,0,0,0,0,2,0,0,2,0,0,0,0,0,14,0,0,6,0
1,0,0,0,2,39,1,0,3,0,0,0,0,0,3,0,0,0,0,0,0,0,0,3,0,0,0,0,0,0,0,0,2,0,0,0,0,0,0,0,0,13,0,0,1,0
1,7,9,0,11,21,0,0,0,0,0,0,0,0,0,0,0,0,0,0,0,0,0,0,0,0,0,0,2,0,0,2,0,0,0,0,0,1,3,0,5,11,0,0,0,0
2,1,4,0,13,33,0,0,0,0,0,0,0,0,0,0,0,0,0,0,0,0,0,0,0,0,0,0,0,0,0,0,5,0,0,0,0,0,0,0,5,14,0,0,0,0
2,1,4,0,12,32,0,0,2,0,0,0,0,0,0,0,0,0,0,0,0,0,0,0,0,0,0,0,0,0,0,0,5,0,0,0,0,0,1,0,4,13,0,0,0,0
2,1,3,0,13,33,0,0,0,0,0,0,0,0,0,0,0,0,0,0,0,0,0,1,0,0,0,0,0,0,0,0,4,0,0,0,0,0,0,0,5,12,0,0,0,0
2,2,3,0,10,18,0,0,0,0,0,0,0,0,0,0,0,0,0,0,0,0,0,0,0,0,0,0,0,0,0,0,2,0,0,0,0,0,0,0,1,3,0,0,0,0
2,2,4,0,13,34,0,0,1,0,0,0,0,0,0,0,0,0,0,0,0,0,0,0,0,0,0,0,0,0,0,0,5,0,0,0,0,0,0,0,5,13,0,0,0,0
2,2,3,0,4,13,0,0,0,0,0,0,0,0,0,0,0,0,0,0,0,0,0,2,0,0,0,0,0,0,0,0,0,0,0,0,0,0,0,0,0,3,0,0,0,0
2,3,5,0,10,20,0,0,0,0,0,0,0,0,0,0,0,0,0,0,0,0,0,0,0,0,0,0,0,0,0,0,0,0,0,0,0,1,1,0,2,12,0,0,0,0
2,1,3,0,13,33,0,0,1,0,0,0,0,1,0,0,0,0,0,0,0,0,0,0,0,0,0,0,0,0,0,0,4,0,0,0,0,0,1,0,5,15,0,0,0,0
2,0,2,0,2,29,0,0,0,0,0,0,0,0,0,0,0,0,0,0,0,0,0,0,0,0,0,0,0,0,0,0,4,0,0,0,0,0,0,0,0,10,0,0,0,0
2,2,3,0,13,34,0,0,2,0,0,0,0,0,0,0,0,0,0,0,0,0,0,0,0,0,0,0,0,0,0,0,6,0,0,0,0,0,0,0,5,14,0,0,0,0
2,1,3,0,8,12,0,0,0,0,0,0,0,0,0,0,0,0,0,0,0,0,0,0,0,0,0,0,0,0,0,0,0,0,0,0,0,0,1,0,0,3,0,0,0,0
2,2,3,0,11,29,0,0,0,0,0,0,0,0,0,0,0,0,0,0,0,0,0,0,0,0,0,0,0,0,0,0,4,0,0,0,0,0,0,0,3,11,0,0,0,0
2,3,3,0,13,31,0,0,1,0,0,0,0,0,0,0,0,0,0,0,0,0,0,1,0,0,0,0,0,0,0,0,3,0,0,0,0,1,0,0,5,13,0,0,0,0
2,3,5,0,7,22,0,0,0,0,0,0,0,0,0,0,0,0,0,0,0,0,0,0,0,0,0,0,0,0,0,0,0,0,0,0,0,1,0,0,2,12,0,0,0,0
2,1,3,0,14,35,0,0,0,0,0,0,0,0,0,0,0,0,0,0,0,0,0,1,0,0,0,0,0,0,0,0,6,0,0,0,0,0,0,0,6,14,0,0,0,0
2,0,2,1,12,17,16,3,8,3,0,0,0,0,0,0,0,0,0,0,0,0,0,0,0,0,0,0,0,0,0,1,2,1,0,0,0,0,0,0,5,4,0,0,0,0
2,0,1,0,10,31,0,0,0,0,0,0,0,0,0,0,0,0,0,0,0,0,0,0,0,0,0,0,0,0,0,0,5,0,0,0,0,0,0,0,2,12,0,0,0,0
2,4,3,4,17,22,19,6,12,7,0,0,0,0,0,0,1,0,0,0,0,0,1,0,0,0,0,0,0,0,0,0,3,0,0,6,0,1,1,2,11,9,9,0,1,5
2,3,5,0,16,36,0,0,1,0,0,0,0,0,0,0,0,0,0,0,0,0,0,0,0,0,0,0,0,0,0,0,3,0,0,0,0,1,1,0,8,17,0,0,0,0
2,0,0,4,18,12,18,0,3,9,0,0,0,1,0,0,0,0,0,0,0,0,0,1,0,0,0,0,0,0,0,0,2,3,0,0,0,0,0,2,8,3,9,0,0,7
2,0,0,4,20,19,20,0,1,8,0,0,0,1,0,0,0,0,0,0,0,0,1,2,0,0,0,0,0,0,0,0,4,5,0,0,0,0,0,2,12,4,9,0,0,6
2,2,5,4,10,20,20,0,0,7,0,0,0,0,0,0,0,0,0,0,0,0,0,0,0,0,0,0,0,0,0,0,10,3,0,0,0,0,0,1,2,2,9,0,0,5
2,0,3,5,13,21,20,2,8,11,0,0,1,0,0,0,0,0,0,0,0,0,0,0,0,0,0,0,0,0,0,0,6,5,0,0,0,0,0,1,7,8,9,0,0,9
2,4,7,0,14,28,3,0,3,0,0,0,0,0,0,0,0,0,0,0,0,0,0,0,0,0,0,0,0,0,0,2,2,1,0,0,0,2,3,0,4,13,0,0,1,0
2,4,8,0,14,27,4,0,3,0,0,0,0,0,0,0,0,0,0,0,0,0,0,0,0,0,0,0,0,0,0,2,2,2,0,0,0,2,2,0,4,4,0,0,0,0
2,3,7,0,14,28,3,0,4,0,0,0,0,1,0,0,0,0,0,0,0,0,0,1,0,0,0,0,0,0,0,1,1,1,0,0,0,1,3,0,4,13,0,0,2,0
2,1,6,0,10,25,7,0,0,0,0,0,0,0,0,0,0,0,0,0,0,0,0,0,0,0,0,0,0,0,0,0,6,5,0,0,0,0,1,0,3,3,0,0,0,0
2,0,5,4,15,20,20,0,9,5,0,0,0,1,0,0,0,0,0,0,0,0,0,0,0,0,0,0,0,0,0,0,5,5,0,0,0,0,0,1,6,8,9,0,1,3
2,0,4,0,18,31,2,0,1,0,0,0,0,0,0,0,0,0,0,0,1,0,0,0,0,0,0,0,0,0,0,2,2,0,0,0,0,0,0,0,6,12,0,0,0,0
2,1,8,0,12,22,2,0,0,0,0,0,0,0,0,0,0,0,0,0,0,0,0,0,0,0,0,0,0,0,0,0,0,0,0,0,0,0,2,0,4,6,0,0,0,0
2,0,2,5,15,28,20,0,0,11,0,0,1,0,0,0,0,0,0,0,0,0,0,0,0,0,0,0,0,0,0,0,6,5,0,0,0,0,0,1,7,7,9,0,0,7
2,2,6,0,13,23,0,0,0,0,0,0,0,0,0,0,0,0,0,0,0,0,0,0,0,0,0,0,0,0,0,0,1,0,0,0,0,0,1,0,7,5,0,0,0,0
2,1,4,1,16,30,8,0,0,0,0,0,0,0,0,0,0,0,0,0,0,0,0,0,0,0,0,0,0,0,0,2,5,5,0,0,0,0,0,0,6,5,0,0,0,0
2,2,2,3,20,24,19,0,0,8,0,0,0,0,0,0,0,0,0,0,0,0,0,0,0,0,0,0,0,0,0,2,4,4,0,0,0,0,0,0,8,8,0,0,0,0
2,2,9,0,16,20,4,0,0,0,0,0,0,0,0,0,0,0,0,0,0,0,0,2,0,0,0,0,0,0,0,3,0,2,0,0,0,0,5,0,2,6,0,0,0,0
2,2,2,4,20,24,20,0,0,10,0,0,0,0,0,0,0,0,0,0,0,0,0,0,0,0,0,0,0,0,0,2,4,3,0,0,0,0,0,2,8,8,9,0,0,8
2,3,3,5,17,19,20,4,5,10,0,0,0,0,0,0,0,0,0,0,0,0,0,0,0,0,0,0,0,0,0,2,4,5,0,0,0,1,1,3,9,8,9,0,0,8
2,0,1,6,14,20,20,2,8,10,0,0,1,0,0,0,0,0,0,0,0,0,0,0,0,0,0,0,0,0,0,0,6,5,0,5,0,0,0,1,7,8,9,0,0,8
2,2,4,6,15,21,20,2,8,11,0,0,1,0,0,0,0,0,0,0,0,0,0,0,0,0,0,0,0,0,0,0,6,5,0,0,0,0,0,0,8,9,9,0,0,9
2,0,0,4,12,18,20,5,8,11,0,0,0,0,0,0,1,0,0,0,0,0,0,0,0,0,0,0,0,0,0,0,3,5,1,4,0,0,0,1,10,8,9,0,0,9
2,0,1,5,12,19,19,4,8,9,0,0,0,0,0,0,0,0,0,0,0,0,0,0,0,0,1,0,0,0,0,0,5,4,0,4,0,0,0,1,9,8,9,0,0,7
2,5,5,5,15,27,18,0,0,4,0,0,0,0,0,0,0,0,0,0,0,0,0,0,0,0,0,0,0,0,0,2,8,3,0,0,0,3,3,3,5,5,10,0,0,2
2,5,10,0,18,31,4,5,13,0,0,0,0,0,0,0,0,0,0,0,0,0,0,0,0,0,0,0,0,0,0,3,3,2,0,0,0,3,3,0,9,9,0,0,0,0
2,1,1,3,16,20,18,7,10,10,0,0,0,0,0,0,0,0,0,0,0,0,0,0,0,0,1,0,0,0,0,1,5,3,1,4,0,0,0,1,9,9,9,2,1,8
2,1,7,0,15,22,3,0,0,0,0,0,0,0,0,0,0,0,0,0,0,0,0,1,0,0,0,0,0,0,0,4,0,1,0,0,0,0,0,0,3,8,0,0,0,0
2,3,3,3,17,20,16,6,6,7,0,0,0,0,0,0,0,0,0,0,0,0,0,0,0,0,0,0,0,0,0,2,4,0,2,2,0,1,1,1,9,9,12,0,0,5
2,3,2,5,18,19,19,8,9,9,0,0,0,0,0,0,0,0,0,0,0,0,0,0,0,0,0,0,0,0,0,1,4,4,3,4,0,1,0,0,9,9,0,1,1,0
2,3,8,0,14,19,2,0,0,0,0,0,0,0,0,0,0,0,0,0,0,0,0,0,0,0,0,0,0,0,0,1,1,0,0,0,0,1,3,0,2,7,0,0,0,0
2,3,10,0,14,18,4,0,0,0,0,0,0,0,0,0,0,0,0,0,0,0,0,0,0,0,0,0,0,0,0,3,0,2,0,0,0,1,5,0,2,6,0,0,0,0
2,2,9,0,12,18,3,0,0,0,0,0,0,0,0,0,0,0,0,0,0,0,0,0,0,0,0,0,0,0,0,2,0,1,0,0,0,0,2,0,2,5,0,0,0,0
2,4,4,4,15,25,20,0,0,2,0,0,0,2,0,0,0,0,0,0,0,0,0,1,0,0,0,0,0,0,0,2,11,4,0,0,0,0,2,2,3,3,7,0,0,0
2,4,4,4,15,25,20,0,0,2,0,0,0,2,0,0,0,0,0,0,0,0,0,1,0,0,0,0,0,0,0,2,11,4,0,0,0,0,2,2,3,3,7,0,0,0
2,2,7,0,14,18,0,0,0,0,0,0,0,0,0,0,0,0,0,0,0,0,0,1,0,0,0,0,0,0,0,3,1,0,0,0,0,0,1,0,1,3,0,0,0,0
2,3,3,1,14,24,15,0,0,0,0,0,0,0,0,0,0,0,0,0,0,0,0,0,0,0,0,0,0,0,0,1,8,2,0,0,0,1,0,0,2,3,6,0,0,0
2,1,1,5,18,19,19,8,9,11,0,0,0,0,0,0,0,0,0,0,0,0,0,0,0,0,0,0,0,0,0,3,4,4,3,4,0,0,0,3,9,9,9,1,1,9
3,2,1,4,14,26,14,0,20,6,0,0,0,0,0,0,0,0,0,0,0,0,0,0,0,0,2,0,0,0,0,0,8,4,0,4,0,0,0,2,6,4,4,0,2,2
3,4,1,4,19,15,15,0,21,5,0,0,0,1,0,0,0,0,0,0,0,0,0,2,0,0,0,0,0,0,0,0,2,5,0,3,0,2,0,2,11,3,5,0,3,1
3,4,1,4,19,15,15,0,21,5,0,0,0,1,0,0,0,0,0,0,0,0,0,2,0,0,0,0,0,0,0,0,2,5,0,3,0,2,0,2,11,3,5,0,3,1
3,4,9,0,9,30,2,0,15,0,0,0,0,0,0,0,0,1,0,0,0,0,0,0,0,0,1,0,0,0,0,1,4,0,0,3,0,0,3,0,1,8,0,0,2,0
3,4,9,0,9,30,2,0,15,0,0,0,0,0,0,0,0,1,0,0,0,0,0,0,0,0,1,0,0,0,0,1,4,0,0,3,0,0,3,0,1,8,0,0,2,0
3,1,5,0,15,30,3,0,19,0,0,0,0,1,0,0,0,2,0,0,0,0,0,0,0,0,2,0,0,0,0,3,3,1,0,3,0,0,2,0,3,6,0,0,4,0
3,0,7,0,17,30,3,0,6,0,0,0,0,0,0,0,0,0,0,0,0,0,0,0,0,0,1,0,0,0,0,0,2,0,0,0,0,0,3,0,8,9,0,0,0,0
3,1,8,0,16,30,7,0,2,0,0,0,0,0,0,0,0,0,0,0,0,0,0,0,0,0,0,0,0,0,0,0,2,1,0,0,0,0,4,0,6,4,0,0,0,0
3,0,1,3,14,23,14,0,16,8,0,0,0,0,0,0,0,0,0,0,0,0,0,1,0,0,1,0,0,0,0,0,5,3,0,4,0,0,0,1,5,3,3,0,1,2
3,5,5,5,15,27,13,0,18,9,0,0,0,0,0,0,0,0,1,0,0,0,0,0,0,0,2,2,0,0,0,2,8,3,0,4,0,3,3,3,5,5,5,0,1,1
3,5,5,5,15,27,13,0,18,9,0,0,0,0,0,0,0,0,1,0,0,0,0,0,0,0,2,2,0,0,0,2,8,3,0,4,0,3,3,3,5,5,5,0,1,1
3,2,9,0,12,23,3,0,8,0,0,0,0,0,1,0,0,1,0,0,0,0,0,1,0,0,2,0,0,0,0,2,0,1,0,0,0,0,2,0,2,4,0,0,0,0
3,6,8,0,12,24,3,0,20,0,0,0,0,2,0,0,0,3,0,0,0,0,0,0,0,0,2,0,0,0,0,1,1,0,0,1,0,1,4,0,2,8,0,0,1,0
3,2,7,0,15,27,0,0,3,0,0,0,0,0,1,0,0,0,0,0,0,0,0,2,0,0,0,0,0,0,0,5,3,0,0,0,0,0,2,0,2,3,0,0,0,0
3,3,3,1,13,24,11,0,26,0,0,0,0,0,0,0,0,3,0,0,0,0,0,0,0,0,4,0,0,0,0,2,7,5,0,2,0,1,1,0,3,0,0,0,1,0
3,3,3,5,19,21,18,10,28,8,0,0,0,0,0,0,0,0,0,0,0,0,0,0,0,1,0,0,0,0,0,6,8,4,0,19,0,1,1,3,5,5,8,2,0,0
3,9,8,0,9,24,0,0,9,0,0,0,0,1,2,0,0,0,0,0,0,0,0,1,0,0,0,0,0,0,0,2,3,0,0,3,0,1,3,0,2,2,0,0,0,0
3,0,5,0,9,34,2,0,24,0,0,0,0,1,0,0,0,1,0,0,0,0,0,0,0,0,2,0,0,0,0,0,2,0,0,4,0,0,0,0,0,13,0,0,2,0
3,0,5,0,13,29,0,7,16,0,0,0,0,0,0,0,1,0,0,0,0,0,0,1,0,0,1,0,0,0,0,0,3,0,0,7,0,0,3,0,4,9,0,0,2,0
3,0,5,0,13,29,0,7,16,0,0,0,0,0,0,0,1,0,0,0,0,0,0,1,0,0,1,0,0,0,0,0,3,0,0,7,0,0,3,0,4,9,0,0,2,0
3,2,2,3,15,17,12,6,28,5,0,0,0,0,0,0,0,0,0,0,0,0,0,0,0,0,0,0,0,0,0,4,6,2,0,12,0,0,0,0,3,3,0,2,0,0
3,0,6,0,11,30,5,0,24,0,0,0,0,1,0,0,0,2,0,0,0,0,0,0,0,0,3,0,0,0,0,0,2,1,0,3,0,0,1,0,1,15,0,0,4,0
3,0,6,0,8,30,5,0,23,0,0,1,0,0,0,0,0,1,0,0,0,0,0,0,0,0,2,0,0,0,0,0,2,1,0,2,0,0,0,0,4,12,0,0,2,0
3,0,6,0,8,30,5,0,23,0,0,1,0,0,0,0,0,1,0,0,0,0,0,0,0,0,2,0,0,0,0,0,2,1,0,2,0,0,0,0,4,12,0,0,2,0
3,4,4,5,14,34,14,9,16,8,0,0,0,0,0,0,0,0,0,0,0,0,0,0,0,1,0,2,0,0,0,2,6,3,0,8,0,2,2,3,4,4,5,1,0,0
3,2,2,3,12,34,19,0,16,7,0,0,0,0,1,0,0,1,0,0,0,0,0,1,0,0,0,1,0,0,0,0,5,4,0,4,0,0,0,1,3,6,4,0,4,2
3,2,8,0,15,34,4,0,26,0,0,0,0,0,1,0,0,0,0,0,0,0,0,0,0,0,2,0,0,0,0,3,2,0,0,3,0,0,1,0,3,2,0,0,0,0
3,3,1,4,14,15,14,0,18,6,0,0,0,0,0,0,0,1,0,0,0,0,1,1,0,0,1,0,0,0,0,0,0,3,0,8,0,1,0,2,3,1,5,0,2,0
3,3,1,4,14,15,14,0,18,6,0,0,0,0,0,0,0,1,0,0,0,0,1,1,0,0,1,0,0,0,0,0,0,3,0,8,0,1,0,2,3,1,5,0,2,0
3,1,12,0,9,23,0,0,7,0,0,0,0,1,2,0,0,0,0,0,0,0,0,2,0,0,1,0,0,0,0,0,1,0,0,1,0,0,1,0,0,5,0,0,0,0
3,0,4,0,13,38,0,0,3,0,0,0,0,0,1,0,0,0,0,0,0,0,0,0,0,0,0,0,0,0,0,0,7,0,0,0,0,0,0,0,3,6,0,0,0,0
3,2,5,0,9,38,0,0,7,0,0,0,0,0,0,0,0,0,0,0,0,0,0,0,0,0,0,0,0,0,0,0,8,0,0,3,0,0,1,0,1,6,0,0,0,0
3,1,3,0,11,39,0,0,5,0,0,0,0,0,0,0,0,0,0,0,0,0,0,0,0,0,0,0,0,0,0,0,12,0,0,0,0,0,0,0,1,5,0,0,0,0
3,2,5,0,8,25,0,0,0,0,0,0,0,0,1,0,0,0,0,0,0,0,0,1,0,0,0,0,0,0,0,0,2,0,0,0,0,0,1,0,1,4,0,0,0,0
3,2,5,0,8,25,0,0,0,0,0,0,0,0,1,0,0,0,0,0,0,0,0,1,0,0,0,0,0,0,0,0,2,0,0,0,0,0,1,0,1,4,0,0,0,0
3,3,5,0,11,34,0,0,9,0,0,0,0,0,1,0,0,0,0,0,0,0,0,0,0,0,0,0,0,0,0,0,11,0,0,3,0,1,1,0,1,4,0,0,0,0
3,1,4,0,4,20,0,0,0,0,0,0,0,0,0,0,0,0,0,0,0,0,0,1,0,0,0,0,0,0,0,0,1,0,0,0,0,0,0,0,0,4,0,0,0,0
3,1,4,0,4,20,0,0,0,0,0,0,0,0,0,0,0,0,0,0,0,0,0,1,0,0,0,0,0,0,0,0,1,0,0,0,0,0,0,0,0,4,0,0,0,0
3,3,5,0,14,22,0,1,3,0,0,0,0,0,1,0,0,0,0,0,0,0,0,0,0,0,0,0,0,0,0,0,1,0,0,0,0,1,1,0,2,7,0,0,0,0
3,3,5,0,14,22,0,1,3,0,0,0,0,0,1,0,0,0,0,0,0,0,0,0,0,0,0,0,0,0,0,0,1,0,0,0,0,1,1,0,2,7,0,0,0,0
3,1,4,0,12,36,0,0,10,0,0,0,0,0,1,0,0,0,0,0,0,0,0,0,0,0,0,0,0,0,0,0,11,0,0,0,0,0,1,0,2,6,0,0,0,0
3,1,4,0,12,36,0,0,10,0,0,0,0,0,1,0,0,0,0,0,0,0,0,0,0,0,0,0,0,0,0,0,11,0,0,0,0,0,1,0,2,6,0,0,0,0
3,0,1,0,5,31,0,0,5,0,0,0,0,1,0,0,0,0,0,0,0,0,0,1,0,0,0,0,0,0,0,0,5,0,0,1,0,0,0,0,0,4,0,0,0,0
3,0,1,0,5,31,0,0,5,0,0,0,0,1,0,0,0,0,0,0,0,0,0,1,0,0,0,0,0,0,0,0,5,0,0,1,0,0,0,0,0,4,0,0,0,0
3,3,3,0,11,36,0,0,9,0,0,0,0,0,1,0,0,0,0,0,0,0,0,1,0,0,0,0,0,0,0,0,10,0,0,4,0,1,0,0,2,6,0,0,0,0
3,1,3,0,8,24,0,0,0,0,0,0,0,0,0,0,0,0,0,0,0,0,0,0,0,0,0,0,0,0,0,0,1,0,0,0,0,0,1,0,0,5,0,0,0,0
3,1,3,0,8,24,0,0,0,0,0,0,0,0,0,0,0,0,0,0,0,0,0,0,0,0,0,0,0,0,0,0,1,0,0,0,0,0,1,0,0,5,0,0,0,0
3,3,4,0,11,33,0,0,8,0,0,0,0,0,0,0,0,0,0,0,0,0,0,0,0,0,0,0,0,0,0,0,9,0,0,4,0,1,0,0,1,6,0,0,0,0
3,3,4,0,11,31,0,0,9,0,0,0,0,0,1,0,0,0,0,0,0,0,0,0,0,0,0,0,0,0,0,0,4,0,0,0,0,1,0,0,1,4,0,0,0,0
3,3,1,0,8,23,0,0,0,0,0,0,0,0,0,0,0,0,0,0,0,0,0,0,0,0,0,0,0,0,0,0,2,0,0,0,0,1,0,0,1,3,0,0,0,0
3,2,4,0,11,43,0,0,0,0,0,0,0,0,0,0,0,0,0,0,0,0,0,1,0,0,0,0,0,0,0,0,13,0,0,0,0,0,0,0,1,3,0,0,0,0
3,2,4,0,11,43,0,0,0,0,0,0,0,0,0,0,0,0,0,0,0,0,0,1,0,0,0,0,0,0,0,0,13,0,0,0,0,0,0,0,1,3,0,0,0,0
3,0,1,0,7,31,0,0,5,0,0,0,0,0,0,0,0,0,0,0,0,0,0,0,0,0,0,0,0,0,0,0,5,0,0,1,0,0,0,0,1,4,0,0,0,0
3,3,6,0,12,34,0,1,10,0,0,0,0,0,1,0,0,0,0,0,0,0,0,0,0,0,0,0,0,0,0,0,10,0,0,0,0,1,2,0,2,5,0,0,0,0
3,3,6,0,12,34,0,1,10,0,0,0,0,0,1,0,0,0,0,0,0,0,0,0,0,0,0,0,0,0,0,0,10,0,0,0,0,1,2,0,2,5,0,0,0,0
