1,0,8,0,0,19,0,0,1,0,0,0,0,0,1,0,0,0,0,0,0,0,0,1,0,0,0,0,0,0,0,0,0,0,0,0,0,0,6,0,0,7,0,0,0,0
1,0,8,0,0,19,0,0,1,0,0,0,0,0,0,0,0,0,0,0,0,0,0,0,0,0,0,0,0,0,0,0,3,0,0,0,0,0,5,0,0,9,0,0,0,0
1,0,17,0,0,14,0,0,1,0,0,0,0,0,0,0,0,0,0,0,0,0,0,0,0,0,0,0,0,0,0,0,0,0,0,0,0,0,9,0,0,12,0,0,0,0
1,0,10,0,0,20,0,0,2,0,0,0,0,0,0,0,0,0,0,0,0,0,0,0,0,0,0,0,0,0,0,0,0,0,0,0,0,0,4,0,0,11,0,0,0,0
1,0,7,0,0,18,0,0,3,0,0,0,0,0,0,0,0,0,0,0,0,0,0,0,0,0,0,0,0,0,0,0,3,0,0,0,0,0,5,0,0,9,0,0,1,0
1,0,7,0,0,19,0,0,8,0,0,0,0,0,0,0,0,0,0,0,0,0,0,0,0,0,0,0,0,0,0,0,3,0,0,0,0,0,0,0,0,5,0,0,6,0
1,0,9,0,0,19,0,0,4,0,0,0,0,0,0,0,0,0,0,0,0,0,0,0,0,0,0,0,0,0,0,0,2,0,0,0,0,0,7,0,0,9,0,0,0,0
1,0,7,0,0,19,0,0,4,0,0,0,0,0,0,0,0,0,0,0,0,0,0,0,0,0,0,0,0,0,0,0,1,0,0,0,0,0,3,0,0,7,0,0,2,0
1,0,7,0,0,17,0,0,6,0,0,0,0,0,1,0,0,0,0,0,0,0,0,0,0,0,0,0,0,0,0,0,2,0,0,0,0,0,3,0,0,7,0,0,2,0
1,0,7,0,0,14,0,0,6,0,0,0,0,0,0,0,0,0,0,0,0,0,0,0,0,0,0,0,0,0,0,0,0,0,0,0,0,0,5,0,0,12,0,0,4,0
2,0,9,0,9,29,0,4,5,0,0,0,0,0,0,0,0,0,0,0,0,0,0,0,0,0,0,0,0,0,0,0,7,0,0,0,0,0,3,0,2,9,0,2,3,0
2,0,10,0,0,34,0,0,6,0,0,0,0,0,0,0,0,0,0,0,0,0,0,0,0,0,0,0,0,0,0,0,4,0,0,0,0,0,3,0,0,9,0,0,0,0
2,5,7,0,15,24,0,5,1,0,0,0,0,0,1,0,0,0,0,0,0,0,0,0,0,0,0,0,0,0,0,0,7,0,0,0,0,3,5,0,8,8,0,3,0,0
2,4,5,0,15,23,0,5,5,0,0,0,0,0,0,0,0,0,0,0,0,0,0,0,0,0,0,0,0,0,0,0,8,0,0,0,0,2,3,0,9,9,0,3,3,0
2,3,4,0,14,22,0,5,5,0,0,0,0,1,0,0,0,0,0,0,0,0,0,0,0,0,0,0,0,0,0,0,7,0,0,0,0,0,1,0,8,7,0,3,1,0
2,0,0,0,14,19,0,11,7,0,0,0,0,1,0,0,0,0,0,0,0,0,0,0,0,0,0,0,0,0,0,0,5,0,0,0,0,0,0,0,8,6,0,7,5,0
2,0,11,0,0,35,0,0,12,0,0,0,0,0,0,0,0,0,0,0,0,0,0,0,0,0,0,0,0,0,0,0,7,0,0,0,0,0,4,0,0,9,0,0,5,0
2,0,10,0,0,35,0,0,9,0,0,0,0,0,0,0,0,0,0,0,0,0,0,0,0,0,0,0,0,0,0,0,7,0,0,0,0,0,4,0,0,7,0,0,3,0
2,4,8,0,14,20,0,1,4,0,0,0,0,0,0,0,0,0,0,0,0,0,0,0,0,0,0,0,0,0,0,0,3,0,0,0,0,2,4,0,9,9,0,0,2,0
2,0,11,0,0,36,0,0,2,0,0,0,0,0,0,0,0,0,0,0,0,0,0,0,0,0,0,0,0,0,0,0,4,0,0,0,0,0,5,0,0,10,0,0,0,0
3,5,3,0,16,29,0,2,9,0,0,0,0,1,0,0,0,0,0,0,0,0,0,0,0,0,0,0,0,0,0,0,6,0,0,0,0,1,0,0,8,0,0,0,0,0
3,2,0,2,15,14,14,9,14,7,0,0,0,0,0,0,0,0,0,0,0,0,0,0,0,0,0,0,0,0,0,0,12,0,0,12,0,0,0,0,7,0,9,5,0,3
3,2,0,2,17,14,15,7,14,5,0,0,0,1,0,0,0,0,0,0,0,0,1,0,0,0,0,1,0,0,0,1,9,0,2,10,0,0,0,0,7,0,9,0,0,1
3,2,0,4,18,14,15,8,14,5,0,0,0,0,0,0,1,0,0,0,0,0,0,0,0,0,0,0,0,0,0,3,12,0,2,10,0,0,0,1,9,0,9,1,0,1
3,4,0,4,17,14,15,6,14,4,0,0,0,0,0,0,1,0,0,0,0,0,0,0,0,0,0,0,0,0,0,1,9,0,1,9,0,2,0,2,7,0,9,0,0,0
3,3,5,0,16,26,0,3,12,0,0,0,0,1,0,0,0,0,0,0,0,0,0,0,0,0,0,0,0,0,0,1,10,0,0,9,0,0,0,0,4,0,0,0,0,0
3,2,5,0,17,26,0,7,15,0,0,0,0,0,0,0,1,0,0,0,0,0,0,0,0,0,2,0,0,0,0,2,9,0,1,9,0,0,0,0,7,0,0,1,0,0
3,3,7,0,17,26,0,6,13,0,0,0,0,1,0,0,1,0,0,0,0,0,0,1,0,0,1,0,0,0,0,1,7,0,1,4,0,1,2,0,8,0,0,0,0,0
3,4,0,7,17,14,15,7,14,4,0,0,0,0,0,0,0,0,0,0,0,0,0,0,0,0,0,0,0,0,0,2,10,0,1,10,0,2,0,5,9,0,9,1,0,0
3,4,0,3,17,14,17,7,14,5,0,0,0,1,0,0,1,0,0,0,0,0,0,0,0,0,0,1,0,0,0,1,9,2,1,12,0,2,0,1,8,0,7,1,0,0
4,2,3,2,21,32,15,11,10,8,0,0,0,0,0,2,0,0,0,0,0,0,0,0,1,0,0,0,0,0,0,4,3,0,4,2,2,0,0,0,9,9,6,1,0,2
4,1,3,4,20,30,18,9,12,10,0,0,0,0,0,2,1,0,0,0,0,0,0,0,0,0,0,0,0,0,0,3,2,2,4,2,3,0,0,1,9,7,7,0,3,1
4,2,6,6,20,32,17,11,14,6,0,0,0,0,0,0,0,0,0,0,0,0,0,0,0,0,0,0,0,0,0,4,4,2,5,3,0,0,2,2,9,13,6,2,2,1
4,2,3,4,20,30,20,9,8,10,0,0,0,0,0,0,1,0,0,0,0,0,0,0,0,0,0,0,0,0,0,4,0,3,4,0,5,0,0,2,9,18,9,0,0,1
4,1,6,4,19,41,17,11,14,9,0,0,0,0,1,0,0,1,0,0,0,0,0,0,0,0,1,0,0,0,0,3,6,1,3,1,1,0,2,2,7,13,8,4,4,1
4,0,0,1,28,23,15,15,18,5,0,0,0,0,0,0,1,1,0,0,0,0,0,0,0,0,0,1,0,0,0,4,4,0,2,3,0,0,0,0,8,6,9,5,3,1
4,0,7,2,20,31,17,12,18,11,0,0,0,0,0,1,2,0,0,0,0,0,0,0,0,0,1,0,0,0,0,6,1,2,4,2,2,0,3,0,8,18,8,2,8,4
4,1,5,1,19,31,18,16,23,16,0,0,0,0,0,1,0,0,0,0,0,0,0,0,0,0,1,0,0,0,0,4,0,2,5,1,4,0,2,0,7,16,4,5,14,4
4,7,2,1,20,30,18,11,14,9,0,0,0,0,0,0,1,1,0,0,0,0,0,0,0,0,0,0,0,0,0,3,1,3,4,0,1,5,0,0,9,17,7,2,5,0
4,2,6,2,20,32,18,10,13,8,0,0,0,0,1,0,1,0,0,0,0,0,0,0,1,0,0,1,0,0,0,2,1,3,4,1,2,0,2,0,9,16,4,1,2,0
5,8,18,4,0,24,2,4,1,4,0,0,0,0,4,0,0,0,1,0,0,0,0,2,0,0,0,0,4,0,0,0,0,0,0,0,0,0,4,0,0,4,0,0,0,0
5,0,8,0,8,34,7,5,0,6,0,0,0,0,6,0,0,0,1,0,0,0,0,2,0,0,0,0,0,0,0,5,7,0,1,0,0,0,5,0,0,4,0,0,0,0
5,0,4,0,5,34,6,5,0,7,0,0,0,0,5,0,0,0,1,0,0,0,0,4,0,3,0,0,0,0,0,3,4,1,0,0,0,0,2,0,0,2,0,0,0,0
5,0,4,0,11,33,5,5,0,6,0,0,0,0,4,0,0,0,0,0,0,0,0,3,0,1,0,0,0,0,0,4,1,0,0,0,1,0,2,0,0,2,0,0,0,0
5,0,4,0,5,33,8,5,1,4,0,0,0,0,1,0,0,0,0,0,0,0,0,4,0,1,0,0,0,0,0,3,4,0,1,0,0,0,2,0,0,4,0,0,0,0
5,0,6,0,11,32,7,4,0,4,0,0,0,0,8,0,0,0,0,0,0,0,1,3,0,0,0,0,0,0,0,4,3,5,1,0,0,0,2,0,0,2,0,0,0,0
5,0,10,5,8,26,6,1,0,0,0,0,0,0,4,0,0,0,0,0,0,0,0,6,0,0,0,0,0,0,0,0,0,3,0,0,0,0,5,0,0,0,0,0,0,0
5,0,5,0,15,30,8,0,0,0,0,0,0,0,5,0,0,0,0,0,0,0,0,5,0,0,0,0,0,0,0,5,4,3,0,0,0,0,3,0,0,0,0,0,0,0
5,0,7,0,13,31,9,0,0,0,0,0,0,0,6,0,0,0,0,0,0,0,0,3,0,0,0,0,0,0,0,2,0,3,0,0,0,0,4,0,0,1,0,0,0,0
5,0,2,0,9,33,10,1,0,5,0,0,0,0,4,0,0,0,0,0,0,0,0,3,0,0,0,0,0,0,0,4,9,4,0,0,0,0,0,0,0,1,0,0,0,0
6,6,14,2,14,0,1,2,14,1,0,0,0,0,0,0,0,0,0,0,0,0,0,0,0,0,0,0,0,8,0,0,0,0,0,9,0,3,0,0,7,0,0,0,0,0
6,3,14,3,14,0,0,7,14,2,0,0,0,0,0,0,0,0,0,1,0,0,0,0,0,0,0,0,0,8,1,0,0,0,1,12,0,0,0,0,10,0,0,1,0,0
6,10,14,0,14,9,0,0,5,0,0,0,0,0,0,0,0,0,0,1,0,0,0,0,0,0,0,0,1,6,0,0,0,0,0,0,0,4,0,0,6,0,0,0,0,0
6,8,13,0,14,0,0,8,14,3,0,0,0,0,0,0,0,0,0,0,0,0,0,0,0,0,0,0,2,11,0,0,0,0,2,12,0,2,0,0,12,0,0,2,0,0
6,6,14,3,14,0,0,3,14,0,0,0,0,0,0,0,0,0,0,0,0,0,0,0,0,0,0,0,0,10,0,0,0,0,0,7,0,3,0,0,12,0,0,0,0,0
6,7,11,0,14,0,0,8,12,0,0,0,0,0,0,0,1,0,0,1,0,0,0,0,0,0,1,0,0,9,0,0,0,0,0,4,0,0,0,0,10,0,0,3,0,0
6,7,14,2,14,0,0,6,14,0,0,0,0,0,0,0,1,0,0,0,0,0,0,0,0,0,0,0,3,10,0,0,0,0,1,5,0,0,0,0,10,0,0,0,0,0
6,9,14,1,14,10,1,5,4,1,0,0,0,0,0,0,0,0,0,0,0,0,0,0,0,0,0,0,5,9,0,0,0,0,0,0,0,0,0,0,8,0,0,0,0,0
6,9,14,2,14,0,0,5,13,0,0,0,0,0,0,0,0,0,0,0,0,0,0,0,0,0,0,0,2,10,0,0,0,0,2,11,0,3,0,0,12,0,0,0,0,0
6,10,14,2,14,0,0,6,14,2,0,0,0,0,0,0,0,0,0,1,1,0,0,0,0,0,0,0,0,10,0,0,0,0,1,11,0,4,0,0,12,0,0,0,0,0
7,0,14,0,3,27,0,0,4,0,0,0,0,0,0,0,0,0,0,0,0,0,0,1,0,0,0,0,0,0,0,0,0,0,0,0,0,0,10,0,0,17,0,0,0,0
7,0,16,0,0,26,0,0,0,0,0,0,0,0,0,0,0,0,0,0,0,0,0,0,0,0,0,0,0,0,0,0,0,0,0,0,0,0,12,0,0,18,0,0,0,0
7,0,15,0,2,25,0,0,0,0,0,0,0,0,0,0,0,0,0,0,0,0,0,0,0,0,0,0,0,0,0,0,0,0,0,0,0,0,9,0,0,18,0,0,0,0
7,0,12,0,4,27,0,0,5,0,0,0,0,0,0,0,0,0,0,0,0,0,0,0,0,0,0,0,0,0,0,2,0,0,0,0,0,0,6,0,0,20,0,0,3,0
7,0,15,0,2,30,0,0,1,0,0,0,0,0,0,0,0,0,0,0,0,0,0,0,0,0,0,0,0,0,0,0,1,0,0,0,0,0,10,0,0,21,0,0,0,0
7,0,4,0,2,28,2,0,4,3,0,0,0,0,0,0,0,0,0,0,0,0,0,0,0,0,0,0,0,0,0,0,1,0,0,0,0,0,0,0,0,9,0,0,1,0
7,0,5,4,0,17,14,0,4,6,0,0,0,0,1,0,0,0,0,0,0,0,0,0,0,0,0,0,0,0,0,0,2,0,0,0,0,0,3,2,0,8,12,0,2,4
7,0,12,0,2,30,0,0,13,0,0,0,0,0,0,0,0,0,0,0,0,0,0,0,0,0,0,0,0,0,0,0,1,0,0,0,0,0,8,0,0,7,0,0,5,0
7,0,10,0,3,27,0,0,6,0,0,0,0,0,0,0,0,0,0,0,0,0,0,0,0,0,0,0,0,0,0,1,0,0,0,0,0,0,2,0,0,13,0,0,2,0
7,0,16,0,4,30,0,0,5,0,0,0,0,0,0,0,0,0,0,0,0,0,0,0,0,0,0,0,0,0,0,2,0,0,0,0,0,0,11,0,0,22,0,0,1,0
8,0,8,0,0,22,0,0,4,0,0,0,0,0,0,0,0,0,0,0,0,0,0,0,0,0,0,0,0,0,0,0,5,0,0,0,0,0,6,0,0,9,0,0,2,0
8,0,7,0,0,24,0,0,5,0,0,0,0,0,0,0,0,0,0,0,0,0,0,0,0,0,0,0,0,0,0,0,8,0,0,0,0,0,4,0,0,6,0,0,3,0
8,0,5,0,2,23,0,0,5,0,0,0,0,0,0,0,0,0,0,0,0,0,0,0,0,0,0,0,0,0,0,0,4,0,0,0,0,0,2,0,0,7,0,0,2,0
8,0,6,0,0,24,0,0,3,0,0,0,0,0,0,0,0,0,0,0,0,0,0,0,0,0,0,0,0,0,0,0,8,0,0,0,0,0,2,0,0,7,0,0,0,0
8,0,8,0,0,24,0,0,7,0,0,0,0,0,0,0,0,0,0,0,0,0,0,0,0,0,0,0,0,0,0,0,7,0,0,0,0,0,4,0,0,7,0,0,3,0
8,0,4,0,2,17,0,0,7,0,0,0,0,0,0,0,0,0,0,0,0,0,0,0,0,0,0,0,0,0,0,0,2,0,0,0,0,0,2,0,0,9,0,0,4,0
8,0,8,0,0,22,0,0,5,0,0,0,0,0,1,0,0,0,0,0,0,0,0,0,0,0,0,0,0,0,0,0,2,0,0,0,0,0,6,0,0,9,0,0,3,0
8,0,7,0,0,20,0,0,1,0,0,0,0,0,0,0,0,0,0,0,0,0,0,0,0,0,0,0,0,0,0,0,4,0,0,0,0,0,5,0,0,9,0,0,0,0
8,0,7,0,0,25,0,0,4,0,0,0,0,0,0,0,0,0,0,0,0,0,0,0,0,0,0,0,0,0,0,0,10,0,0,0,0,0,0,0,0,0,0,0,0,0
8,0,7,0,0,17,0,0,1,0,0,0,0,0,0,0,0,0,0,0,0,0,0,0,0,0,0,0,0,0,0,0,1,0,0,0,0,0,3,0,0,6,0,0,0,0
9,0,0,0,5,14,3,0,0,0,0,0,0,0,0,0,0,0,0,0,0,0,0,0,0,0,0,0,0,0,0,3,6,0,0,0,0,0,0,0,0,0,0,0,0,0
9,0,0,0,5,13,0,0,0,0,0,0,0,0,0,0,0,0,0,0,0,0,0,0,0,0,0,0,0,0,0,3,11,0,0,0,0,0,0,0,0,0,0,0,0,0
9,0,0,0,2,14,3,0,0,0,0,0,0,0,0,0,0,0,0,0,0,0,0,0,0,0,0,0,0,0,0,0,12,1,0,0,0,0,0,0,0,0,0,0,0,0
9,0,0,0,2,14,5,0,0,0,0,0,0,0,0,0,0,0,0,0,0,0,0,0,0,0,0,0,0,0,0,0,12,2,0,0,0,0,0,0,0,0,0,0,0,0
9,0,0,0,3,14,4,0,0,0,0,0,0,0,0,1,0,0,0,0,0,0,0,0,0,0,0,0,0,0,0,1,12,0,0,0,0,0,0,0,0,0,0,0,0,0
9,0,0,0,7,14,4,0,0,0,0,0,0,0,0,0,0,0,0,0,0,0,1,0,0,0,0,0,0,0,0,2,3,2,0,0,0,0,0,0,0,0,0,0,0,0
9,0,0,0,9,14,1,0,0,0,0,0,0,0,0,0,0,0,0,0,0,0,0,0,0,0,0,0,0,0,0,6,11,0,0,0,0,0,0,0,0,0,0,0,0,0
9,0,0,0,5,14,1,0,0,0,0,0,0,0,0,0,0,0,0,0,0,0,0,0,0,0,0,0,0,0,0,3,12,0,0,0,0,0,0,0,0,0,0,0,0,0
9,0,0,0,4,14,6,0,0,0,0,0,0,0,0,0,0,0,0,0,0,0,0,0,0,0,0,0,0,0,0,2,10,3,0,0,0,0,0,0,0,0,0,0,0,0
9,0,0,0,5,14,6,0,0,0,0,0,0,0,0,0,0,0,0,0,0,0,0,0,0,0,0,0,0,0,0,3,10,4,0,0,0,0,0,0,0,0,0,0,0,0
10,0,11,0,5,14,0,0,2,0,0,0,0,0,0,0,0,0,0,0,0,0,0,0,0,0,0,0,0,5,0,0,0,0,0,0,0,0,0,0,0,9,0,0,0,0
10,3,13,0,3,14,0,0,1,0,0,0,0,0,0,0,0,0,0,0,0,0,0,0,0,0,0,0,0,7,0,0,0,0,0,0,0,0,0,0,0,0,0,0,0,0
10,9,14,0,0,0,14,0,0,1,0,0,0,0,0,0,0,0,0,0,0,0,0,0,0,0,0,0,3,10,0,0,0,0,0,0,0,0,0,0,0,0,10,0,0,0
10,0,0,0,5,14,13,0,0,1,0,0,0,0,0,1,0,0,0,0,0,0,0,0,0,0,0,0,0,0,0,0,0,0,0,0,0,0,0,0,0,0,7,0,0,0
10,9,14,0,0,9,0,0,0,0,0,1,0,0,0,0,0,0,0,0,1,0,0,0,0,0,0,0,1,8,0,0,0,0,0,0,0,0,0,0,0,0,0,0,0,0
10,0,0,0,6,16,8,0,0,0,0,0,0,0,1,0,0,0,0,0,0,0,0,0,0,0,0,0,0,0,0,0,0,0,0,0,0,0,0,0,0,0,3,0,0,0
10,4,14,2,0,0,8,0,0,0,0,0,0,0,0,0,0,0,0,0,0,0,0,0,0,0,0,0,2,12,0,0,0,0,0,0,0,0,0,0,0,0,6,0,0,0
10,0,0,0,6,14,11,0,0,0,0,0,0,0,0,1,0,0,0,0,0,0,0,0,0,0,0,0,0,0,0,2,0,0,0,0,0,0,0,0,0,0,7,0,0,0
10,5,14,2,0,0,13,0,0,0,0,0,0,0,0,0,0,0,0,0,0,0,0,0,0,0,0,0,3,12,0,0,0,0,0,0,0,0,0,0,0,0,11,0,0,0
10,0,9,3,6,5,10,0,0,0,0,0,0,0,0,0,0,0,0,0,0,0,0,0,0,0,0,0,0,5,0,0,0,0,0,0,0,0,0,0,0,0,7,0,0,0
11,9,12,11,0,14,10,0,1,0,0,0,0,0,0,0,0,0,0,0,0,0,0,0,0,0,0,0,7,5,2,0,0,0,0,0,0,0,2,4,0,10,6,0,0,0
11,6,15,3,0,14,14,0,2,2,0,0,1,0,0,0,0,0,0,0,0,0,0,0,0,0,0,0,4,7,0,0,0,0,0,0,0,0,0,0,0,12,8,0,0,0
11,6,15,6,0,10,11,0,0,0,0,0,1,0,0,0,0,0,0,0,1,0,0,0,0,0,0,0,3,6,1,0,0,0,0,0,0,0,0,0,0,8,9,0,0,0
11,6,7,3,0,12,9,0,0,0,0,0,1,0,0,0,0,0,0,0,0,0,0,0,0,0,0,0,4,3,0,0,0,0,0,0,0,0,0,0,0,6,7,0,0,0
11,6,12,6,0,14,12,0,0,0,0,0,0,0,0,0,0,0,0,0,0,0,0,0,0,0,0,0,4,5,2,0,0,0,0,0,0,0,0,0,0,10,10,0,0,0
11,12,7,2,4,8,13,0,0,0,0,0,0,0,0,0,0,0,0,0,0,0,0,0,0,0,0,0,7,5,0,0,0,0,0,0,0,0,0,0,0,0,7,0,0,0
11,7,15,4,0,10,13,0,0,0,0,0,1,0,0,0,0,0,0,0,0,0,0,0,0,0,0,0,3,9,0,0,0,0,0,0,0,0,0,0,0,6,9,0,0,0
11,5,7,8,0,10,10,0,0,0,0,0,0,0,0,0,0,0,0,0,0,0,0,0,0,0,0,0,3,2,2,0,0,0,0,0,0,0,0,2,0,8,8,0,0,0
11,6,12,8,0,14,13,0,0,0,0,0,0,0,0,0,0,0,0,0,0,0,0,0,0,0,0,0,4,5,3,0,0,0,0,0,0,0,0,0,0,8,11,0,0,0
11,5,14,3,0,6,10,0,0,0,0,1,1,0,0,0,0,0,0,0,1,0,0,0,0,0,0,0,3,6,0,0,0,0,0,0,0,0,0,0,0,4,8,0,0,0
12,9,21,3,5,14,3,7,14,7,0,0,0,0,1,0,1,0,0,0,0,0,1,0,0,0,0,0,3,1,1,0,6,0,0,10,0,0,3,0,1,0,0,3,0,0
12,8,19,4,3,14,3,3,15,4,0,0,0,0,2,0,0,0,0,0,0,0,0,3,0,0,1,0,6,4,2,0,3,0,0,6,0,0,3,0,0,0,0,0,0,1
12,6,18,6,9,14,6,8,14,5,0,1,0,0,1,0,2,0,0,0,1,0,1,0,0,0,1,0,2,5,3,0,5,0,0,6,0,0,3,0,1,0,1,1,0,1
12,9,18,2,6,14,6,8,14,4,0,0,0,0,2,0,1,0,0,0,1,0,3,0,0,0,1,0,4,7,0,0,6,0,0,5,0,0,2,0,0,0,1,2,0,1
12,0,16,2,12,17,3,11,14,4,0,0,0,0,1,0,0,0,0,0,0,0,3,0,0,0,1,0,0,0,0,0,4,0,1,8,0,0,3,0,0,0,0,4,0,0
12,0,5,0,10,33,2,6,14,4,0,0,0,0,3,0,1,0,0,0,0,0,1,3,0,0,1,0,0,0,0,4,9,0,0,9,0,0,3,0,0,1,0,2,0,0
12,4,19,5,11,16,0,8,16,0,0,0,0,0,3,0,2,0,0,0,1,0,3,0,0,0,1,0,0,0,3,0,6,0,0,3,0,0,3,0,0,2,0,2,2,0
12,6,9,0,8,28,2,5,13,0,0,0,0,0,2,0,3,0,0,0,0,0,0,0,0,0,2,0,0,0,0,0,5,0,0,7,0,0,5,0,1,1,0,0,0,0
12,0,7,0,12,26,3,7,14,2,0,0,0,0,1,0,3,0,0,0,0,0,3,0,0,0,2,0,0,0,0,0,8,0,0,7,0,0,5,0,0,0,0,1,0,0
12,0,5,0,9,28,3,8,14,5,0,0,0,0,2,0,1,0,0,0,0,0,1,1,0,0,0,0,0,0,0,2,10,0,0,9,0,0,3,0,0,0,0,3,0,2
13,0,7,0,0,14,0,0,4,0,0,0,0,0,0,0,0,0,0,0,0,0,0,0,0,0,0,0,0,0,0,0,0,0,0,0,0,0,5,0,0,8,0,0,2,0
13,0,7,0,0,14,0,0,4,0,0,0,0,0,0,0,0,0,0,0,0,0,0,0,0,0,0,0,0,0,0,0,0,0,0,0,0,0,5,0,0,12,0,0,2,0
13,0,8,0,0,14,0,0,5,0,0,0,0,0,0,0,0,0,0,0,0,0,0,0,0,0,0,0,0,0,0,0,0,0,0,0,0,0,6,0,0,12,0,0,3,0
13,0,6,0,0,14,0,0,6,0,0,0,0,0,0,0,0,0,0,0,0,0,0,0,0,0,0,0,0,0,0,0,0,0,0,0,0,0,4,0,0,12,0,0,4,0
13,0,5,0,0,14,0,0,3,0,0,0,0,0,0,0,0,0,0,0,0,0,0,0,0,0,0,0,0,0,0,0,0,0,0,0,0,0,3,0,0,12,0,0,1,0
13,0,6,0,0,14,0,0,5,0,0,0,0,0,0,0,0,0,0,0,0,0,0,0,0,0,0,0,0,0,0,0,0,0,0,0,0,0,2,0,0,12,0,0,3,0
13,0,5,0,0,14,0,0,4,0,0,0,0,0,0,0,0,0,0,0,0,0,0,0,0,0,0,0,0,0,0,0,0,0,0,0,0,0,3,0,0,10,0,0,0,0
13,0,5,0,0,14,0,0,4,0,0,0,0,0,0,0,0,0,0,0,0,0,0,0,0,0,0,0,0,0,0,0,0,0,0,0,0,0,3,0,0,12,0,0,2,0
13,0,7,0,0,14,0,0,5,0,0,0,0,0,0,0,0,0,0,0,0,0,0,0,0,0,0,0,0,0,0,0,0,0,0,0,0,0,5,0,0,8,0,0,3,0
13,0,8,0,0,13,0,0,0,0,0,0,0,0,0,0,0,0,0,0,0,0,0,0,0,0,0,0,0,0,0,0,0,0,0,0,0,0,6,0,0,9,0,0,0,0
14,8,17,0,0,23,1,5,2,5,0,0,0,0,4,0,0,0,0,0,1,0,0,2,0,1,0,0,6,8,0,0,0,0,0,0,1,0,2,0,0,6,0,0,0,0
14,10,16,4,5,22,0,1,0,3,0,1,0,0,5,0,0,0,0,0,1,0,1,2,0,0,0,0,8,6,2,0,0,0,0,0,0,0,0,0,0,1,0,0,0,0
14,7,17,6,0,24,2,4,3,6,0,0,0,0,4,0,0,0,2,0,0,0,0,2,0,0,0,0,5,9,4,0,0,0,0,0,0,0,2,0,0,5,0,0,0,0
14,5,14,5,2,23,0,3,1,3,0,1,0,0,4,0,0,0,1,0,1,0,0,2,0,1,0,0,3,6,1,0,0,0,0,0,0,0,0,0,0,1,0,0,0,0
14,6,14,6,1,20,0,3,9,3,0,0,0,0,1,0,0,1,0,0,0,0,0,0,0,0,0,0,0,8,3,0,0,0,0,0,1,0,0,0,0,7,0,0,0,0
14,9,17,3,0,24,0,5,0,4,0,0,0,0,5,0,0,0,0,0,0,0,0,1,0,0,0,0,7,9,1,0,0,0,1,0,0,0,2,0,0,5,0,0,0,0
14,5,15,3,2,20,0,6,3,5,0,0,0,0,4,0,0,1,0,0,0,0,0,2,0,4,0,0,3,9,1,0,0,0,0,0,1,0,0,0,0,5,0,0,0,0
14,6,15,1,3,23,0,1,3,3,0,0,0,0,1,0,0,0,0,0,0,0,1,1,0,0,0,0,4,8,0,0,0,0,0,0,0,0,0,0,0,3,0,0,0,0
14,6,17,5,6,22,0,0,1,5,0,0,0,0,2,0,0,0,0,0,0,0,3,2,0,0,0,0,4,8,2,0,0,0,0,0,2,0,1,0,0,0,0,0,0,0
14,7,14,4,6,21,0,1,1,0,0,1,0,0,5,0,0,0,0,0,1,0,0,1,0,0,0,0,5,2,1,0,0,0,0,0,0,0,0,0,0,1,0,0,0,0
15,7,14,4,5,14,15,0,0,2,0,0,0,0,0,0,0,0,0,0,0,0,0,0,0,0,0,0,5,12,0,3,6,0,0,0,0,0,0,0,0,0,9,0,0,0
15,6,14,3,5,14,14,0,0,0,0,0,0,0,0,0,0,0,0,0,0,0,0,0,0,0,0,0,4,12,0,3,10,0,0,0,0,0,0,0,0,0,6,0,0,0
15,9,14,8,3,14,17,0,0,1,0,0,0,0,0,0,0,0,0,0,0,0,0,0,0,0,0,0,4,8,2,1,8,2,0,0,0,0,0,2,0,0,9,0,0,0
15,5,14,5,0,14,17,0,0,2,0,0,0,0,0,0,0,0,0,0,0,0,0,0,0,0,0,0,3,12,2,0,12,0,0,0,0,0,0,0,0,0,9,0,0,0
15,8,14,3,2,14,20,0,0,5,0,0,0,0,0,0,0,0,0,0,0,0,0,0,0,0,0,0,6,12,0,0,10,1,0,0,0,0,0,0,0,0,7,0,0,2
15,6,14,8,0,13,19,0,0,4,0,0,1,0,0,0,0,0,0,0,0,0,0,0,1,0,0,0,4,10,4,0,6,3,0,0,0,0,0,0,0,0,8,0,0,2
15,5,14,3,5,14,17,0,0,2,0,0,0,0,0,0,0,0,0,0,0,0,0,0,0,0,0,0,3,12,0,2,10,0,0,0,0,0,0,0,0,0,6,0,0,0
15,9,14,9,5,14,12,0,0,0,0,0,1,0,0,0,0,0,0,0,1,0,0,0,1,0,0,0,5,8,2,2,5,0,0,0,0,0,0,2,0,0,3,0,0,0
15,8,6,0,3,22,20,0,0,3,0,0,0,0,0,0,0,0,0,0,0,0,0,0,0,0,0,0,6,0,0,1,12,2,0,0,0,0,0,0,0,0,7,0,0,0
15,6,14,8,3,14,20,0,0,1,0,0,0,0,0,0,0,0,0,0,0,0,0,0,0,0,0,0,4,12,1,1,12,3,0,0,0,0,0,0,0,0,7,0,0,0
16,6,14,8,14,0,14,7,14,7,0,0,0,0,0,0,0,0,0,0,0,0,0,0,0,0,0,0,1,8,0,0,0,0,1,10,2,0,0,2,8,0,10,2,0,0
16,7,17,0,16,23,0,0,0,0,0,1,0,1,0,0,0,0,0,0,0,0,0,2,0,0,0,0,1,7,0,0,9,0,0,0,0,0,0,0,8,0,0,0,0,0
16,7,15,0,14,9,5,6,13,0,0,1,0,0,0,0,0,0,0,0,0,0,0,0,0,0,0,0,3,8,0,0,0,0,3,3,0,0,0,0,12,0,0,0,0,0
16,8,14,6,14,0,14,5,14,3,0,0,0,0,0,0,0,0,0,0,0,0,0,0,0,0,0,0,0,12,0,0,0,0,2,12,0,2,0,3,12,0,10,0,0,0
16,10,14,8,14,10,13,0,4,0,0,0,1,0,0,0,0,0,0,0,0,0,0,0,1,0,0,0,1,10,0,0,1,0,0,0,0,5,0,4,8,0,9,0,0,0
16,6,14,0,14,4,11,6,13,0,0,0,0,0,0,0,1,0,0,1,0,0,0,0,0,0,1,0,2,10,0,0,0,0,1,6,0,0,0,0,10,0,4,0,0,0
16,7,14,2,14,0,14,9,14,4,0,0,0,0,0,0,0,0,0,0,0,0,0,0,0,0,0,0,1,7,0,0,0,0,3,12,0,0,0,0,12,0,12,2,0,0
16,7,14,3,14,0,14,8,14,2,0,0,0,0,0,0,0,0,0,0,0,0,0,0,0,0,0,0,3,12,0,0,0,0,1,12,0,0,0,0,12,0,12,1,0,0
16,6,14,3,14,1,14,5,13,0,0,0,0,0,0,0,0,0,0,2,0,0,0,0,0,0,0,0,1,11,0,0,0,0,2,7,0,0,0,0,10,0,11,0,0,0
16,6,14,6,14,0,14,5,14,5,0,0,2,0,0,0,0,0,0,0,0,0,0,0,0,0,0,1,0,12,0,0,0,0,0,8,0,2,0,0,12,0,11,1,0,0
17,4,0,0,14,0,0,6,14,5,0,0,0,0,0,0,1,0,0,0,0,0,0,0,0,0,0,0,0,0,0,0,0,0,0,8,3,2,0,0,10,0,0,1,0,0
17,4,0,0,14,13,2,3,1,0,0,0,0,0,0,0,0,0,0,0,0,0,0,0,0,0,0,0,0,0,0,0,0,0,0,0,0,2,0,0,10,0,0,0,0,0
17,3,0,0,14,0,0,11,14,2,0,0,0,0,0,0,0,0,0,0,0,0,0,0,0,0,0,0,0,0,0,0,0,0,3,10,0,1,0,0,10,0,0,4,0,0
17,2,0,0,14,3,2,5,11,0,0,0,0,0,0,0,0,0,0,0,0,0,0,0,0,0,0,0,0,0,0,0,0,0,2,0,0,0,0,0,12,0,0,0,0,0
17,3,0,0,14,0,1,2,14,2,0,0,0,0,0,0,0,0,0,0,0,0,0,0,0,0,0,0,0,0,0,0,0,0,0,12,0,1,0,0,12,0,0,0,0,0
17,0,0,0,13,0,0,6,11,0,0,0,0,0,0,0,1,0,0,0,0,0,0,0,0,0,1,0,0,0,0,0,0,0,1,3,0,0,0,0,9,0,0,0,0,0
17,2,0,0,14,10,0,2,3,0,0,0,0,0,0,0,0,0,0,0,0,0,0,0,0,0,0,0,0,0,0,0,0,0,0,0,0,0,0,0,10,0,0,0,0,0
17,1,0,0,14,9,2,2,5,0,0,0,0,0,0,0,0,0,0,0,0,0,0,0,0,0,0,0,0,0,0,0,4,0,0,0,0,0,0,0,12,0,0,0,0,0
17,0,5,0,0,22,3,0,5,0,0,0,0,0,0,0,0,0,0,0,0,0,0,0,0,0,0,0,0,0,0,0,0,0,0,0,0,0,0,0,0,0,0,0,0,0
17,0,4,0,0,23,4,0,0,0,0,0,0,0,1,0,0,0,0,0,0,0,0,0,0,0,0,0,0,0,0,0,9,2,0,0,0,0,0,0,0,0,0,0,0,0
18,0,8,0,14,14,0,5,12,0,0,0,0,0,2,0,0,0,0,0,0,0,1,0,0,0,3,0,0,2,0,0,0,0,0,6,0,0,0,0,8,5,0,1,0,0
18,3,14,0,14,0,14,9,14,2,0,0,0,0,0,0,2,0,0,1,0,0,1,0,0,0,2,0,0,5,0,0,0,0,0,3,0,0,0,0,6,0,6,0,0,0
18,1,12,0,14,6,8,2,12,0,0,1,0,0,0,0,0,0,0,0,0,0,1,0,0,0,1,0,0,4,0,0,0,0,0,6,0,0,0,0,5,1,0,0,0,0
18,6,11,0,14,14,0,5,13,0,0,1,0,0,0,0,2,0,0,1,0,0,0,0,0,0,1,0,2,5,0,0,0,0,0,6,0,0,0,0,9,3,0,0,0,0
18,3,11,0,14,14,0,5,12,0,0,1,0,0,0,0,1,0,0,1,0,0,1,0,0,0,1,0,0,5,0,0,0,0,0,6,0,0,0,0,10,4,0,0,0,0
18,0,11,0,14,9,5,1,12,0,0,1,0,0,0,0,0,0,0,0,2,0,1,0,0,0,1,0,0,2,0,0,0,0,0,2,0,0,0,0,7,1,0,0,0,0
18,4,12,0,14,14,0,5,13,0,0,2,0,2,0,0,2,0,0,1,1,0,2,0,0,0,3,0,0,2,0,0,0,0,0,7,0,0,0,0,4,2,0,0,0,0
18,4,12,0,14,4,10,2,13,0,0,2,0,2,0,0,0,0,0,1,0,0,1,0,0,0,1,0,0,4,0,0,0,0,0,3,0,0,0,0,7,0,0,0,0,0
18,3,11,0,14,14,0,2,12,0,0,1,0,0,0,0,0,0,0,1,0,0,0,0,0,0,1,0,0,7,0,0,0,0,0,5,0,0,0,0,5,3,0,0,0,0
18,3,9,0,14,14,0,1,10,0,0,1,0,3,1,0,0,0,0,1,0,0,1,1,0,0,0,0,0,2,0,0,0,0,0,5,0,0,0,0,6,3,0,0,0,0
19,0,1,0,8,20,2,0,0,0,0,0,0,0,1,0,0,0,0,0,0,0,0,1,0,0,0,0,0,0,0,4,7,0,0,0,0,0,0,0,0,5,0,0,0,0
19,0,2,0,8,22,2,0,0,0,0,0,0,0,0,0,0,0,0,0,0,0,0,0,0,0,0,0,0,0,0,6,7,0,0,0,0,0,0,0,0,7,0,0,0,0
19,0,0,0,8,22,4,0,0,0,0,0,0,0,0,0,0,0,0,0,0,0,0,0,0,0,0,0,0,0,0,6,8,2,0,0,0,0,0,0,0,5,0,0,0,0
19,0,2,0,5,22,4,0,0,0,0,0,0,0,0,0,0,0,0,0,0,0,0,0,0,0,0,0,0,0,0,1,7,2,0,0,0,0,0,0,0,5,0,0,0,0
19,0,0,0,9,25,4,0,0,0,0,0,0,0,0,0,0,0,0,0,0,0,0,0,0,0,0,0,0,0,0,2,9,2,0,0,0,0,0,0,0,6,0,0,0,0
19,0,0,0,6,19,2,3,6,0,0,0,0,0,0,0,0,0,0,0,0,0,0,0,0,0,0,0,0,0,0,0,0,0,0,0,0,0,0,0,0,9,0,0,0,0
19,0,0,0,6,23,1,0,0,0,0,0,0,0,0,0,0,0,0,0,0,0,0,0,0,0,0,0,0,0,0,4,5,0,0,0,0,0,0,0,0,7,0,0,0,0
19,0,0,0,9,21,5,0,0,0,0,0,0,0,0,0,0,0,0,0,0,0,0,0,0,0,0,0,0,0,0,3,9,3,0,0,0,0,0,0,0,6,0,0,0,0
19,0,1,0,5,20,7,0,0,0,0,0,0,0,1,0,0,0,0,0,0,0,0,1,0,0,0,0,0,0,0,3,5,5,0,0,0,0,0,0,0,3,0,0,0,0
19,0,0,0,3,19,9,0,0,0,0,0,0,0,1,0,0,0,0,0,0,0,0,1,0,0,0,0,0,0,0,1,5,7,0,0,0,0,0,0,0,4,0,0,0,0
20,6,22,4,0,28,0,5,20,2,0,0,0,0,0,0,0,0,0,0,0,0,0,0,0,0,0,0,2,8,2,0,0,0,2,7,0,0,4,0,0,24,0,0,4,0
20,12,18,4,2,26,0,7,17,2,0,0,0,0,0,0,0,1,0,0,0,0,0,0,0,0,1,0,4,9,2,0,0,0,2,6,0,0,3,0,0,10,0,0,0,0
20,14,17,0,14,14,0,6,13,0,0,0,0,0,0,0,0,0,0,0,0,0,0,0,0,1,0,0,3,10,0,0,0,0,1,7,0,4,3,0,12,12,0,0,0,0
20,13,20,0,14,14,0,3,14,1,0,0,0,0,0,0,0,0,0,1,0,0,0,0,0,0,0,0,2,11,0,0,0,0,0,7,0,3,0,0,11,0,0,0,0,0
20,14,20,5,14,14,0,10,15,3,0,0,0,0,0,0,0,0,0,0,0,0,0,0,0,0,1,0,3,7,3,0,0,0,2,6,1,5,0,0,12,0,0,1,0,0
20,12,17,1,14,14,0,15,18,1,0,0,0,0,0,0,0,0,0,0,0,0,0,0,0,0,0,0,3,8,0,0,0,0,3,5,0,0,2,0,10,10,0,3,3,0
20,13,18,3,14,14,0,12,15,0,1,0,0,0,0,0,0,0,0,0,0,0,0,0,0,0,1,0,3,9,1,0,0,0,4,9,0,3,2,0,9,10,0,2,1,0
20,12,18,1,14,14,0,9,16,1,1,0,0,0,0,0,0,0,0,0,0,0,0,0,0,1,0,0,2,6,0,0,0,0,3,7,0,1,3,0,10,12,0,0,0,0
20,13,16,5,14,14,0,12,17,6,0,0,0,0,0,0,0,0,1,0,0,0,0,0,0,1,1,0,1,9,0,0,0,0,3,3,0,1,0,0,12,0,0,2,0,0
20,8,20,5,5,23,0,17,20,2,0,0,0,0,0,0,0,0,0,0,0,0,0,0,0,0,0,0,5,7,3,0,0,0,5,10,0,0,2,0,0,12,0,4,5,0
21,9,14,5,8,14,7,3,14,2,0,0,0,0,0,0,0,0,0,0,0,0,1,0,0,0,0,0,5,12,0,0,12,0,0,12,0,0,0,2,4,0,4,0,0,0
21,6,14,8,9,14,11,9,14,1,0,0,0,0,0,0,1,0,0,0,0,0,0,0,0,0,0,0,4,8,2,3,12,0,0,12,0,0,0,2,2,0,4,2,0,0
21,9,14,11,14,14,7,8,14,4,0,0,0,0,0,0,0,0,0,0,0,0,2,0,0,0,0,0,5,8,2,3,10,0,5,12,1,0,0,5,5,0,1,0,0,0
21,5,14,10,14,14,9,8,14,5,0,0,0,0,0,0,0,0,0,0,0,0,0,0,0,0,0,0,3,9,0,3,11,2,3,12,3,0,0,2,7,0,1,1,0,0
21,6,14,7,10,14,10,6,14,6,0,0,2,0,0,0,0,0,0,0,0,0,1,0,0,0,0,0,4,7,0,1,10,1,3,12,2,0,0,0,2,0,2,0,0,0
21,6,14,7,16,28,7,0,0,0,0,0,1,0,0,0,0,0,0,0,0,0,0,0,2,0,0,0,4,10,0,4,24,0,0,0,0,0,0,2,6,0,0,0,0,0
21,8,14,9,13,14,9,9,14,2,0,0,1,0,0,0,1,0,0,0,0,0,0,0,1,1,0,0,6,12,1,2,11,2,1,12,0,0,0,1,3,0,2,0,0,0
21,8,14,6,14,14,9,11,14,6,0,0,2,0,0,0,0,0,0,0,0,0,0,0,0,0,0,0,6,10,0,5,12,1,3,11,1,0,0,0,3,0,2,1,0,0
21,9,14,9,16,14,7,8,14,4,0,0,0,0,0,0,0,0,0,0,0,0,1,0,0,0,0,0,5,12,2,3,10,1,0,12,2,0,0,3,6,0,0,0,0,0
21,7,14,9,13,14,9,10,14,2,0,0,1,0,0,0,0,0,0,0,0,0,0,0,1,0,0,0,5,10,2,4,10,0,4,12,0,0,0,2,3,0,2,1,0,0
22,0,6,0,3,23,2,4,0,1,0,0,0,0,5,0,0,0,0,0,0,0,1,2,0,0,0,0,0,0,0,0,0,0,1,0,0,0,4,0,0,3,0,0,0,0
22,0,5,0,0,26,0,4,0,5,0,0,0,0,2,0,0,0,0,0,0,0,0,3,0,0,0,0,0,0,0,0,0,0,1,0,1,0,3,0,0,3,0,0,0,0
22,0,4,0,5,23,1,2,0,0,0,0,0,0,2,0,0,0,0,0,0,0,1,2,0,0,0,0,0,0,0,0,0,0,0,0,0,0,2,0,0,3,0,0,0,0
22,0,6,0,12,17,0,1,0,3,0,0,0,0,3,0,0,0,0,0,1,0,3,0,0,0,0,0,0,0,0,0,0,0,0,0,0,0,0,0,0,3,0,0,0,0
22,0,3,0,6,19,3,0,0,0,0,0,0,0,6,0,0,0,0,0,0,0,3,1,0,0,0,0,0,0,0,0,0,0,0,0,0,0,1,0,0,2,0,0,0,0
22,0,0,0,5,21,0,5,1,1,0,0,0,0,3,0,0,0,0,0,0,0,1,1,0,0,0,0,0,0,0,0,0,0,2,0,0,0,0,0,0,2,0,0,0,0
22,0,2,0,4,21,0,0,1,0,0,0,0,0,4,0,0,0,0,0,0,0,0,2,0,0,0,0,0,0,0,1,0,0,0,0,0,0,0,0,0,2,0,0,0,0
22,0,3,0,8,19,1,0,0,1,0,0,0,0,1,0,0,0,0,0,0,0,2,2,0,0,0,0,0,0,0,0,0,0,0,0,0,0,0,0,0,3,0,0,0,0
22,0,0,0,3,24,3,1,0,1,0,0,0,0,2,0,0,0,0,0,0,0,0,1,0,0,0,0,0,0,0,0,0,0,0,0,0,0,0,0,0,6,0,0,0,0
22,0,0,0,2,22,5,4,0,0,0,0,0,0,1,2,0,0,0,0,0,0,0,2,0,0,0,0,0,0,0,0,0,0,1,0,0,0,0,0,0,2,0,0,0,0
23,1,0,0,18,15,7,1,1,0,0,0,0,2,1,2,0,0,0,0,0,0,2,2,0,0,0,0,0,0,0,0,0,0,0,0,0,0,0,0,5,4,0,0,0,0
23,0,0,0,16,22,5,1,0,2,0,0,0,1,3,0,0,0,0,0,0,0,2,2,0,0,0,0,0,0,0,1,0,0,0,0,0,0,0,0,4,4,0,0,0,0
23,0,0,0,14,19,5,0,0,0,0,0,0,1,1,3,0,0,0,0,0,0,1,2,0,0,0,0,0,0,0,0,3,0,0,0,0,0,0,0,4,3,0,0,0,0
23,0,0,0,13,14,7,0,5,0,0,0,0,0,2,2,0,0,0,0,0,0,1,1,0,0,0,0,0,0,0,0,0,0,0,0,0,0,0,0,3,2,1,0,0,0
23,0,0,0,11,17,6,0,0,0,0,0,0,2,1,2,0,0,0,0,0,0,2,2,0,0,0,0,0,0,0,0,0,0,0,0,0,0,0,0,1,1,0,0,0,0
23,0,0,0,9,18,8,0,3,0,0,0,0,0,4,1,0,0,0,0,0,0,1,0,0,0,0,0,0,0,0,0,0,0,0,0,0,0,0,0,1,2,0,0,0,0
23,0,0,0,15,22,8,3,2,0,0,0,0,0,2,1,0,0,0,0,0,0,0,2,0,0,0,0,0,0,0,0,0,0,0,0,0,0,0,0,5,4,1,0,0,0
23,0,0,0,12,24,7,0,0,0,0,0,0,0,1,2,0,0,0,0,0,0,2,3,0,0,0,0,0,0,0,0,1,0,0,0,0,0,0,0,1,2,0,0,0,0
23,0,0,0,18,20,3,0,0,0,0,0,0,2,2,0,0,0,0,0,0,0,2,2,0,0,0,0,0,0,0,0,3,0,0,0,0,0,0,0,4,2,0,0,0,0
23,0,0,0,15,22,6,0,0,0,0,0,0,1,1,2,0,0,0,0,0,0,1,2,0,0,0,0,0,0,0,1,0,0,0,0,0,0,0,0,2,5,1,0,0,0
24,14,13,0,19,15,2,6,12,0,0,0,0,1,0,0,0,0,0,0,0,0,0,0,0,0,0,0,5,11,0,1,11,0,3,4,0,5,0,0,8,0,0,0,0,0
24,9,14,0,17,12,0,6,14,2,0,0,0,0,0,0,0,0,0,0,0,0,0,0,0,0,0,0,2,12,0,2,10,0,0,12,0,3,0,0,7,0,0,2,0,0
24,7,14,1,17,12,0,6,14,6,1,0,0,0,0,0,1,0,0,0,0,0,0,0,0,0,0,0,0,12,0,1,9,0,1,11,4,0,0,0,9,0,0,0,0,0
24,8,14,1,19,14,0,9,14,6,0,0,0,0,0,0,0,0,0,0,0,0,0,0,0,0,0,0,4,12,0,2,12,0,3,10,2,0,0,0,6,0,0,2,0,0
24,7,14,1,18,13,0,10,14,2,0,0,0,0,0,0,1,0,0,0,0,0,0,0,0,0,0,0,3,11,0,3,8,0,2,12,0,0,0,0,9,0,0,3,0,0
24,9,9,0,19,7,0,6,9,0,0,0,0,0,0,0,1,0,0,0,0,0,0,0,0,0,0,0,5,7,0,3,5,0,1,7,0,0,0,0,7,0,0,0,0,0
24,7,13,0,17,14,2,8,13,0,0,0,0,1,0,0,0,0,0,0,0,0,0,0,0,0,0,0,3,11,0,2,5,0,0,9,0,0,0,0,8,0,0,2,0,0
24,9,12,0,21,13,0,11,12,0,0,0,0,0,0,0,0,0,0,1,0,0,0,0,0,0,0,0,5,10,0,5,11,0,5,7,0,0,0,0,9,0,0,2,0,0
24,7,14,0,19,14,1,9,14,0,0,0,0,0,0,0,1,0,0,1,0,0,0,0,0,0,0,0,3,8,0,1,7,0,1,12,0,0,0,0,8,0,0,1,0,0
24,7,14,2,18,14,1,10,14,4,0,0,0,0,0,0,0,0,0,0,0,0,0,0,0,0,0,0,3,12,0,2,10,0,2,12,1,0,0,0,9,0,0,4,0,0
25,0,0,0,11,22,5,0,0,0,0,0,0,0,0,0,0,0,0,0,0,0,0,1,0,0,0,0,0,0,0,3,4,3,0,0,0,0,0,0,0,7,0,0,0,0
25,0,0,0,5,22,5,0,0,0,0,0,0,0,0,0,0,0,0,0,0,0,0,1,1,0,0,0,0,0,0,3,4,0,0,0,0,0,0,0,0,4,0,0,0,0
25,0,0,0,6,23,4,0,1,0,0,0,0,0,0,0,0,0,0,0,0,0,0,0,0,0,0,0,0,0,0,4,7,1,0,0,0,0,0,0,0,5,0,0,0,0
25,0,0,0,5,22,12,0,2,0,0,0,0,0,0,0,0,0,0,0,0,0,0,0,0,0,0,0,0,0,0,3,9,6,0,0,0,0,0,0,0,7,0,0,0,0
25,0,0,0,8,23,7,0,0,0,0,0,0,0,0,0,0,0,0,0,0,0,0,0,0,0,0,0,0,0,0,4,9,5,0,0,0,0,0,0,0,8,0,0,0,0
25,0,0,0,9,23,1,0,0,0,0,0,0,0,0,0,0,0,0,0,0,0,0,0,0,0,0,0,0,0,0,6,9,0,0,0,0,0,0,0,0,6,0,0,0,0
25,8,14,8,0,9,0,0,0,0,0,0,0,0,0,0,0,0,0,0,1,0,0,0,0,0,0,0,6,5,4,0,0,0,0,0,0,0,0,0,0,7,0,0,0,0
25,0,0,0,8,24,6,0,0,0,0,0,0,0,0,0,0,0,0,0,0,0,0,0,0,0,0,0,0,0,0,6,8,2,0,0,0,0,0,0,0,9,0,0,0,0
25,0,0,0,9,21,8,0,0,0,0,0,0,0,0,0,0,0,0,0,0,0,0,0,0,0,0,0,0,0,0,7,9,6,0,0,0,0,0,0,0,4,0,0,0,0
25,0,8,1,6,17,9,0,0,0,0,0,0,0,0,0,0,0,0,0,0,0,0,0,0,0,0,0,0,0,0,0,0,0,0,0,0,0,0,0,0,10,0,0,0,0
26,0,4,0,0,25,0,0,5,0,0,0,0,0,0,0,0,0,0,0,0,0,0,0,0,0,0,0,0,0,0,0,2,0,0,0,0,0,1,0,0,9,0,0,3,0
26,0,2,0,0,25,0,0,5,0,0,0,0,0,1,0,0,0,0,0,0,0,0,0,0,0,0,0,0,0,0,0,2,0,0,0,0,0,0,0,0,8,0,0,3,0
26,2,0,0,14,13,0,5,0,0,0,0,0,0,0,0,0,0,0,0,0,0,0,0,0,0,0,0,0,0,0,0,1,0,0,0,0,0,0,0,10,0,0,3,0,0
26,0,7,0,0,21,0,0,4,0,0,0,0,0,0,0,0,0,0,0,0,0,0,0,0,0,0,0,0,0,0,0,3,0,0,0,0,0,1,0,0,9,0,0,2,0
26,0,5,0,0,14,0,0,3,0,0,0,0,0,0,0,0,0,0,0,0,0,0,0,0,0,0,0,0,0,0,0,0,0,0,0,0,0,3,0,0,7,0,0,0,0
26,0,4,0,0,16,0,0,4,0,0,0,0,0,0,0,0,0,0,0,0,0,0,0,0,0,0,0,0,0,0,0,0,0,0,0,0,0,2,0,0,7,0,0,2,0
26,0,6,0,0,18,0,0,7,0,0,0,0,0,0,0,0,0,0,0,0,0,0,0,0,0,0,0,0,0,0,0,3,0,0,0,0,0,4,0,0,9,0,0,5,0
26,0,4,0,0,20,0,0,6,0,0,0,0,0,0,0,0,0,0,0,0,0,0,0,0,0,0,0,0,0,0,0,1,0,0,0,0,0,0,0,0,0,0,0,0,0
26,0,10,0,0,20,0,0,5,0,0,0,0,0,0,0,0,0,0,0,0,0,0,0,0,0,0,0,0,2,0,0,4,0,0,0,0,0,1,0,0,8,0,0,1,0
26,0,10,0,0,19,0,0,3,0,0,0,0,0,0,0,0,0,0,0,0,0,0,0,0,0,0,0,0,1,0,0,3,0,0,0,0,0,2,0,0,9,0,0,1,0
27,8,18,0,13,22,0,3,1,0,0,0,0,0,0,0,0,0,0,0,0,0,0,0,0,0,0,0,0,7,0,0,4,0,0,0,0,0,3,0,0,7,0,0,0,0
27,0,18,0,0,37,0,0,5,0,0,0,0,0,0,0,0,0,0,0,0,0,0,0,0,0,0,0,0,0,0,0,8,0,0,0,0,0,2,0,0,7,0,0,0,0
27,0,19,0,0,35,0,0,8,0,0,0,0,0,1,0,0,0,0,0,0,0,0,0,0,0,0,0,0,1,0,0,3,0,0,0,0,0,2,0,0,8,0,0,1,0
27,0,14,0,0,42,0,0,10,0,0,0,0,0,1,0,0,0,0,0,0,0,0,0,0,0,0,0,0,0,0,0,9,0,0,0,0,0,6,0,0,7,0,0,1,0
27,6,13,0,0,32,0,0,11,0,0,0,0,0,1,0,0,0,0,0,0,0,0,0,0,0,0,0,0,0,0,0,4,0,0,0,0,2,4,0,0,8,0,0,1,0
27,4,7,0,14,31,0,4,7,0,0,0,0,0,1,0,0,0,0,0,0,0,0,0,0,0,0,0,0,0,0,0,10,0,0,0,0,2,3,0,9,6,0,0,2,0
27,7,5,0,0,42,0,0,13,0,0,0,0,0,1,0,0,0,0,0,0,0,0,0,0,0,0,0,0,0,0,0,5,0,0,0,0,0,2,0,0,6,0,0,6,0
27,0,12,0,11,33,0,5,4,0,0,0,0,0,0,0,0,0,0,0,0,0,0,0,0,0,0,0,0,0,0,0,13,0,0,0,0,0,5,0,0,3,0,3,2,0
27,5,5,0,17,22,0,6,5,0,0,0,0,0,0,0,0,0,0,0,0,0,0,0,0,0,0,0,0,0,0,0,2,0,0,0,0,3,3,0,7,4,0,4,3,0
27,0,8,0,0,42,0,0,12,0,0,0,0,0,0,0,0,0,0,0,0,0,0,0,0,0,0,0,0,0,0,0,13,0,0,0,0,0,3,0,0,7,0,0,6,0
28,5,13,0,4,27,0,0,1,0,0,0,0,0,0,0,0,0,0,0,0,0,0,0,0,0,0,0,0,0,0,2,0,0,0,0,0,0,6,0,0,20,0,0,0,0
28,5,14,0,5,30,0,0,3,0,0,0,0,0,0,0,0,0,0,0,0,0,0,0,0,0,0,0,0,0,0,1,0,0,0,0,0,0,8,0,0,19,0,0,0,0
28,4,17,0,2,30,0,0,2,0,0,0,0,0,0,0,0,0,0,0,0,0,0,0,0,0,0,0,1,0,0,0,1,0,0,0,0,0,7,0,0,21,0,0,0,0
28,3,13,0,1,31,0,0,4,0,0,0,0,0,0,0,0,0,0,0,0,0,0,0,0,0,0,0,0,0,0,0,2,0,0,0,0,0,2,0,0,19,0,0,0,0
28,0,16,0,1,31,0,0,3,0,0,0,0,0,0,0,0,0,0,0,0,0,0,0,0,0,0,0,0,0,0,0,2,0,0,0,0,0,6,0,0,20,0,0,0,0
28,5,16,0,5,28,0,0,12,0,0,0,0,0,0,0,0,0,0,0,0,0,0,0,0,0,0,0,3,0,0,3,0,0,0,0,0,0,4,0,0,19,0,0,6,0
28,0,21,0,4,30,0,0,14,0,0,0,0,0,0,0,0,0,0,0,0,0,0,0,0,0,0,0,0,1,0,2,1,0,0,0,0,0,11,0,0,22,0,0,9,0
28,1,20,0,0,30,0,0,10,0,0,0,0,0,0,0,0,0,0,0,0,0,0,0,0,0,0,0,0,0,0,0,0,0,0,0,0,0,8,0,0,18,0,0,3,0
28,0,18,0,0,33,0,0,3,0,0,0,0,0,0,0,0,0,0,0,0,0,0,0,0,0,0,0,0,2,0,0,3,0,0,0,0,0,6,0,0,9,0,0,0,0
28,0,15,0,1,32,0,0,11,0,0,0,0,0,0,0,0,0,0,0,0,0,0,0,0,0,0,0,0,0,0,0,1,0,0,0,0,0,6,0,0,22,0,0,7,0
29,0,6,0,0,37,4,5,0,0,0,0,0,0,0,0,0,0,0,0,0,0,0,0,0,0,0,0,0,0,0,0,4,2,2,0,0,0,2,0,0,20,0,0,0,0
29,4,3,0,9,33,4,0,0,0,0,0,0,0,1,0,0,0,0,0,0,0,0,1,0,0,0,0,0,0,0,6,4,1,0,0,0,0,1,0,0,8,0,0,0,0
29,0,3,0,6,33,4,0,0,0,0,0,0,0,1,0,0,0,0,0,0,0,0,2,1,0,0,0,0,0,0,4,3,0,0,0,0,0,0,0,0,15,0,0,0,0
29,4,3,0,6,34,4,2,0,0,0,0,0,0,0,0,0,0,0,0,0,0,0,1,0,0,0,0,0,0,0,1,7,2,0,0,0,0,1,0,0,7,0,0,0,0
29,0,1,0,6,33,7,0,0,0,0,0,0,0,0,0,0,0,0,0,0,0,0,0,0,0,0,0,0,0,0,4,6,5,0,0,0,0,0,0,0,6,0,0,0,0
29,0,0,0,10,31,1,0,0,0,0,0,0,0,0,0,0,0,0,0,0,0,0,0,0,0,0,0,0,0,0,7,4,0,0,0,0,0,0,0,0,7,0,0,0,0
29,0,4,0,17,23,2,0,0,0,0,0,0,0,0,0,0,0,0,0,0,0,0,0,0,0,0,0,0,0,0,3,6,0,0,0,0,0,2,0,6,5,0,0,0,0
29,0,1,0,7,30,7,0,0,0,0,0,0,0,0,0,0,0,0,0,0,0,0,0,0,0,0,0,0,0,0,3,4,5,0,0,0,0,0,0,0,11,0,0,0,0
29,0,1,0,12,29,2,0,0,0,0,0,0,0,0,0,0,0,0,0,0,0,0,0,0,0,0,0,0,0,0,5,9,0,0,0,0,0,0,0,0,8,0,0,0,0
29,1,0,0,11,29,5,0,0,0,0,0,0,0,0,0,0,0,0,0,0,0,0,0,0,0,0,0,0,0,0,4,5,2,0,0,0,0,0,0,0,7,0,0,0,0
30,9,14,1,15,10,0,0,0,0,0,0,0,0,0,0,0,0,0,0,0,0,0,0,0,0,0,0,0,9,0,0,0,0,0,0,0,0,0,0,11,6,0,0,0,0
30,0,0,0,20,26,1,0,0,0,0,0,0,0,0,0,0,0,0,0,0,0,1,0,0,0,0,0,0,0,0,3,0,0,0,0,0,0,0,0,8,11,0,0,0,0
30,0,11,2,8,25,0,0,0,0,0,0,0,0,0,0,0,0,0,0,1,0,0,0,0,0,0,0,0,0,0,0,0,0,0,0,0,0,0,0,0,8,0,0,0,0
30,5,0,0,14,24,6,0,0,0,0,0,0,0,0,0,0,0,0,0,0,0,0,0,0,0,0,0,0,0,0,0,0,0,0,0,0,0,0,0,9,4,0,0,0,0
30,0,12,0,5,11,16,0,0,0,0,0,0,0,0,0,0,0,0,0,0,0,0,0,0,0,0,0,0,8,0,0,0,0,0,0,0,0,0,0,0,7,9,0,0,0
30,0,2,1,20,23,2,0,0,0,0,0,0,0,0,0,0,0,0,0,0,0,0,0,0,0,0,0,0,0,0,0,0,0,0,0,0,0,0,0,10,10,0,0,0,0
30,0,0,1,14,17,13,0,0,0,0,0,0,0,0,0,0,0,0,0,0,0,0,0,0,0,0,0,0,0,0,0,0,0,0,0,0,0,0,0,2,0,0,0,0,0
30,0,9,1,19,18,0,0,0,0,0,0,0,0,0,0,0,0,0,0,0,0,0,0,0,0,0,0,0,1,0,0,0,0,0,0,0,0,0,0,9,11,0,0,0,0
30,0,0,0,8,26,12,0,0,4,0,0,0,0,0,0,0,0,0,0,0,0,0,0,0,0,0,0,0,0,0,6,8,0,0,0,0,0,0,0,0,0,0,0,0,0
30,0,12,1,14,14,0,0,0,0,0,0,0,0,0,0,0,0,0,0,0,0,0,0,0,0,0,0,0,1,0,0,0,0,0,0,0,0,0,0,4,10,0,0,0,0